client_id,direction,num_parameters_arrays,parameters_size_bytes,parameters_size_kb,parameters_size_mb,round
4,upload,349,7527172,7350.75390625,7.178470611572266,1
4,upload,349,7527172,7350.75390625,7.178470611572266,2
4,upload,349,7527172,7350.75390625,7.178470611572266,3
4,upload,349,7527172,7350.75390625,7.178470611572266,4
4,upload,349,7527172,7350.75390625,7.178470611572266,5
4,upload,349,7527172,7350.75390625,7.178470611572266,6
4,upload,349,7527172,7350.75390625,7.178470611572266,7
4,upload,349,7527172,7350.75390625,7.178470611572266,8
4,upload,349,7527172,7350.75390625,7.178470611572266,9
4,upload,349,7527172,7350.75390625,7.178470611572266,10
4,upload,349,7527172,7350.75390625,7.178470611572266,11
4,upload,349,7527172,7350.75390625,7.178470611572266,12
4,upload,349,7527172,7350.75390625,7.178470611572266,13
4,upload,349,7527172,7350.75390625,7.178470611572266,14
4,upload,349,7527172,7350.75390625,7.178470611572266,15
4,upload,349,7527172,7350.75390625,7.178470611572266,16
4,upload,349,7527172,7350.75390625,7.178470611572266,17
4,upload,349,7527172,7350.75390625,7.178470611572266,18
4,upload,349,7527172,7350.75390625,7.178470611572266,19
4,upload,349,7527172,7350.75390625,7.178470611572266,20
4,upload,349,7527172,7350.75390625,7.178470611572266,21
4,upload,349,7527172,7350.75390625,7.178470611572266,22
4,upload,349,7527172,7350.75390625,7.178470611572266,23
4,upload,349,7527172,7350.75390625,7.178470611572266,24
4,upload,349,7527172,7350.75390625,7.178470611572266,25
4,upload,349,7527172,7350.75390625,7.178470611572266,26
4,upload,349,7527172,7350.75390625,7.178470611572266,27
4,upload,349,7527172,7350.75390625,7.178470611572266,28
4,upload,349,7527172,7350.75390625,7.178470611572266,29
4,upload,349,7527172,7350.75390625,7.178470611572266,30
4,upload,349,7527172,7350.75390625,7.178470611572266,31
4,upload,349,7527172,7350.75390625,7.178470611572266,32
4,upload,349,7527172,7350.75390625,7.178470611572266,33
4,upload,349,7527172,7350.75390625,7.178470611572266,34
4,upload,349,7527172,7350.75390625,7.178470611572266,35
4,upload,349,7527172,7350.75390625,7.178470611572266,36
4,upload,349,7527172,7350.75390625,7.178470611572266,37
4,upload,349,7527172,7350.75390625,7.178470611572266,38
4,upload,349,7527172,7350.75390625,7.178470611572266,39
4,upload,349,7527172,7350.75390625,7.178470611572266,40
4,upload,349,7527172,7350.75390625,7.178470611572266,41
4,upload,349,7527172,7350.75390625,7.178470611572266,42
4,upload,349,7527172,7350.75390625,7.178470611572266,43
4,upload,349,7527172,7350.75390625,7.178470611572266,44
4,upload,349,7527172,7350.75390625,7.178470611572266,45
4,upload,349,7527172,7350.75390625,7.178470611572266,46
4,upload,349,7527172,7350.75390625,7.178470611572266,47
4,upload,349,7527172,7350.75390625,7.178470611572266,48
4,upload,349,7527172,7350.75390625,7.178470611572266,49
4,upload,349,7527172,7350.75390625,7.178470611572266,50
4,upload,349,7527172,7350.75390625,7.178470611572266,51
4,upload,349,7527172,7350.75390625,7.178470611572266,52
4,upload,349,7527172,7350.75390625,7.178470611572266,53
4,upload,349,7527172,7350.75390625,7.178470611572266,54
4,upload,349,7527172,7350.75390625,7.178470611572266,55
4,upload,349,7527172,7350.75390625,7.178470611572266,56
4,upload,349,7527172,7350.75390625,7.178470611572266,57
4,upload,349,7527172,7350.75390625,7.178470611572266,58
4,upload,349,7527172,7350.75390625,7.178470611572266,59
4,upload,349,7527172,7350.75390625,7.178470611572266,60
