batch_size_avg,client_id,cpu_count_logical,cpu_count_physical,cpu_memory_rss_mb,cpu_memory_vms_mb,cpu_percent,cpu_percent_per_core,evaluation_device,flops_per_million_params,fps_per_gflop,gpu_memory_allocated_mb,gpu_memory_free_mb,gpu_memory_peak_mb,gpu_memory_reserved_mb,gpu_memory_total_mb,gpu_memory_used_mb,gpu_memory_utilization_percent,gpu_power_draw_watts,gpu_temperature_celsius,gpu_utilization_percent,images_per_second,inference_time_max_ms,inference_time_mean_ms,inference_time_median_ms,inference_time_min_ms,inference_time_p50_ms,inference_time_p95_ms,inference_time_p99_ms,inference_time_std_ms,memory_per_million_params_mb,precision_type,round,stage,system_memory_percent,system_memory_used_mb,throughput_fps,time_per_gflop_ms,timestamp,total_images_processed
8.0,4,48,24,1918.171875,18849.30078125,11.3,"[0.0, 11.1, 0.0, 10.0, 0.0, 0.0, 0.0, 10.0, 0.0, 0.0, 0.0, 0.0, 0.0, 0.0, 0.0, 0.0, 0.0, 0.0, 0.0, 0.0, 0.0, 0.0, 0.0, 10.0, 0.0, 0.0, 20.0, 0.0, 36.4, 0.0, 0.0, 0.0, 0.0, 0.0, 0.0, 0.0, 0.0, 0.0, 0.0, 0.0, 0.0, 0.0, 0.0, 0.0, 0.0, 0.0, 0.0, 0.0]",cuda,1.2189063203566795,23.82925191174021,7.95458984375,26907.125,2763.2919921875,742.0,32768.0,5860.875,5.0,45.895,44.0,10.0,435.0237727564846,74.94068145751953,18.38979959487915,18.08476448059082,9.742975234985352,18.08476448059082,24.35753345489502,48.344562053680555,7.691904989574627,4.24889036750123,fp32,1,inference,10.8,12573.30078125,54.37797159456058,8.058689103376338,1769030291.3080533,800
8.0,4,48,24,2151.71484375,24159.8125,2.3,"[0.0, 0.0, 0.0, 10.0, 0.0, 0.0, 0.0, 0.0, 0.0, 0.0, 0.0, 0.0, 0.0, 0.0, 0.0, 0.0, 0.0, 0.0, 0.0, 0.0, 0.0, 0.0, 0.0, 0.0, 0.0, 0.0, 0.0, 0.0, 0.0, 0.0, 0.0, 0.0, 0.0, 0.0, 0.0, 9.1, 0.0, 0.0, 0.0, 0.0, 0.0, 0.0, 0.0, 0.0, 0.0, 0.0, 0.0, 0.0]",cuda,1.2189063203566795,26.72113454805386,7.95458984375,26887.125,2763.2919921875,746.0,32768.0,5880.875,2.0,44.839,44.0,4.0,487.8176120040491,28.525590896606445,16.399571895599365,15.244722366333008,8.464336395263672,15.244722366333008,24.64736700057983,27.451398372650154,4.531333542605025,4.24889036750123,fp32,2,inference,11.4,13408.890625,60.97720150050614,7.186541139464328,1769034422.4806347,800
8.0,4,48,24,2265.234375,24169.4296875,2.5,"[0.0, 0.0, 0.0, 0.0, 0.0, 0.0, 0.0, 30.0, 0.0, 0.0, 0.0, 9.1, 0.0, 0.0, 0.0, 0.0, 0.0, 0.0, 0.0, 0.0, 0.0, 0.0, 0.0, 0.0, 0.0, 0.0, 0.0, 0.0, 0.0, 40.0, 0.0, 9.1, 0.0, 0.0, 0.0, 0.0, 0.0, 0.0, 0.0, 10.0, 0.0, 0.0, 0.0, 0.0, 0.0, 0.0, 0.0, 0.0]",cuda,1.2189063203566795,25.395839472012323,7.95458984375,26957.125,2763.2919921875,732.0,32768.0,5810.875,0.0,44.741,44.0,0.0,463.6231947336046,28.430938720703125,17.25539207458496,16.788482666015625,8.641719818115234,16.788482666015625,26.285600662231445,27.540144920349125,4.799998968096765,4.24889036750123,fp32,3,inference,11.7,13840.00390625,57.95289934170057,7.5615745222512345,1769038540.5104454,800
8.0,4,48,24,2274.48828125,24156.79296875,3.8,"[0.0, 10.0, 0.0, 20.0, 0.0, 0.0, 0.0, 0.0, 0.0, 0.0, 0.0, 0.0, 0.0, 0.0, 0.0, 0.0, 0.0, 0.0, 0.0, 0.0, 0.0, 0.0, 0.0, 0.0, 0.0, 0.0, 0.0, 0.0, 0.0, 0.0, 0.0, 0.0, 0.0, 10.0, 0.0, 9.1, 0.0, 0.0, 0.0, 0.0, 0.0, 0.0, 0.0, 0.0, 0.0, 0.0, 0.0, 0.0]",cuda,1.2189063203566795,24.026284338125407,7.95458984375,27137.125,2763.2919921875,696.0,32768.0,5630.875,6.0,44.749,44.0,12.0,438.62077151242215,31.81910514831543,18.238990306854248,18.28622817993164,8.44717025756836,18.28622817993164,26.15894079208374,30.914857387542728,4.8559987541318765,4.24889036750123,fp32,4,inference,11.2,13186.50390625,54.82759643905277,7.992602186016312,1769042689.9627805,800
8.0,4,48,24,2316.36328125,24172.53515625,0.2,"[0.0, 27.3, 0.0, 0.0, 0.0, 0.0, 0.0, 9.1, 20.0, 0.0, 9.1, 0.0, 0.0, 0.0, 0.0, 0.0, 0.0, 9.1, 0.0, 0.0, 0.0, 0.0, 0.0, 0.0, 0.0, 0.0, 0.0, 0.0, 0.0, 0.0, 0.0, 0.0, 0.0, 0.0, 0.0, 0.0, 0.0, 0.0, 0.0, 0.0, 9.1, 0.0, 0.0, 9.1, 0.0, 0.0, 0.0, 0.0]",cuda,1.2189063203566795,25.85293410524646,7.95458984375,27067.125,2763.2919921875,710.0,32768.0,5700.875,5.0,44.644,43.0,10.0,471.96785584981393,30.421972274780273,16.95030689239502,15.749692916870117,8.562564849853516,15.749692916870117,26.2939453125,30.289084911346436,5.0023200972570905,4.24889036750123,fp32,5,inference,11.3,13303.65625,58.99598198122674,7.427881568142029,1769046838.5163982,800
8.0,4,48,24,2376.83984375,24226.78515625,1.2,"[0.0, 0.0, 0.0, 0.0, 0.0, 0.0, 0.0, 0.0, 0.0, 0.0, 0.0, 0.0, 0.0, 0.0, 0.0, 0.0, 0.0, 0.0, 0.0, 0.0, 0.0, 0.0, 0.0, 0.0, 0.0, 0.0, 0.0, 10.0, 0.0, 0.0, 0.0, 40.0, 0.0, 0.0, 0.0, 0.0, 0.0, 0.0, 0.0, 11.1, 0.0, 10.0, 0.0, 9.1, 0.0, 0.0, 0.0, 0.0]",cuda,1.2189063203566795,26.629841358226816,7.95458984375,26887.125,2763.2919921875,746.0,32768.0,5880.875,6.0,41.838,43.0,13.0,486.1509752160949,33.010005950927734,16.455793380737305,15.247702598571777,8.928060531616211,15.247702598571777,25.068163871765133,30.143132209777846,5.1619005207850135,4.24889036750123,fp32,6,inference,11.5,13552.6015625,60.76887190201186,7.211178246971628,1769050986.5695057,800
8.0,4,48,24,2416.9921875,24162.78515625,10.2,"[100.0, 11.1, 0.0, 20.0, 27.3, 0.0, 16.7, 22.2, 0.0, 0.0, 0.0, 0.0, 0.0, 0.0, 0.0, 0.0, 0.0, 0.0, 0.0, 0.0, 0.0, 0.0, 0.0, 0.0, 100.0, 0.0, 0.0, 0.0, 30.0, 0.0, 0.0, 0.0, 0.0, 0.0, 0.0, 0.0, 0.0, 0.0, 0.0, 9.1, 0.0, 0.0, 0.0, 0.0, 0.0, 0.0, 0.0, 0.0]",cuda,1.2189063203566795,30.490121332091444,7.95458984375,26957.125,2763.2919921875,732.0,32768.0,5810.875,6.0,62.808,45.0,12.0,556.6237523031309,24.143218994140625,14.372365474700928,13.74518871307373,8.158206939697266,13.74518871307373,22.49441146850586,23.239679336547855,4.42585043969271,4.24889036750123,fp32,7,inference,12.1,14324.56640625,69.57796903789136,6.2981885388771035,1769055122.5444005,800
8.0,4,48,24,2452.890625,24162.78515625,2.5,"[0.0, 0.0, 0.0, 9.1, 0.0, 0.0, 0.0, 9.1, 0.0, 0.0, 0.0, 0.0, 0.0, 0.0, 0.0, 10.0, 0.0, 0.0, 0.0, 0.0, 0.0, 0.0, 0.0, 0.0, 0.0, 0.0, 0.0, 0.0, 0.0, 0.0, 0.0, 9.1, 0.0, 0.0, 0.0, 0.0, 0.0, 0.0, 0.0, 0.0, 0.0, 0.0, 0.0, 0.0, 0.0, 0.0, 0.0, 0.0]",cuda,1.2189063203566795,29.44313819058137,7.95458984375,27067.125,2763.2919921875,710.0,32768.0,5700.875,6.0,45.034,44.0,13.0,537.5101620855651,32.38511085510254,14.883439540863037,13.382196426391602,8.21828842163086,13.382196426391602,23.659646511077877,27.844045162200953,4.709876456589853,4.24889036750123,fp32,8,inference,11.9,14125.37109375,67.18877026069563,6.52214894620779,1769059262.4728026,800
8.0,4,48,24,2493.8125,24162.78515625,7.1,"[100.0, 0.0, 0.0, 0.0, 22.2, 0.0, 0.0, 0.0, 0.0, 9.1, 0.0, 0.0, 0.0, 0.0, 0.0, 0.0, 0.0, 0.0, 0.0, 0.0, 0.0, 0.0, 0.0, 60.0, 100.0, 0.0, 0.0, 0.0, 40.0, 0.0, 0.0, 0.0, 0.0, 0.0, 0.0, 0.0, 0.0, 0.0, 0.0, 0.0, 0.0, 0.0, 0.0, 0.0, 0.0, 0.0, 0.0, 0.0]",cuda,1.2189063203566795,29.7682271077879,7.95458984375,26957.125,2763.2919921875,732.0,32768.0,5810.875,7.0,62.935,44.0,13.0,543.4449437467061,28.216123580932617,14.720902442932129,13.848066329956055,8.10694694519043,13.848066329956055,22.796499729156494,26.743268966674812,4.294972693568304,4.24889036750123,fp32,9,inference,12.5,14820.859375,67.93061796833827,6.450922724669467,1769063396.7349284,800
8.0,4,48,24,2530.109375,24162.78515625,4.6,"[0.0, 0.0, 0.0, 0.0, 0.0, 0.0, 10.0, 27.3, 0.0, 0.0, 0.0, 0.0, 0.0, 0.0, 0.0, 0.0, 0.0, 0.0, 0.0, 0.0, 0.0, 0.0, 0.0, 0.0, 0.0, 9.1, 0.0, 0.0, 0.0, 9.1, 0.0, 9.1, 0.0, 0.0, 0.0, 0.0, 0.0, 0.0, 0.0, 0.0, 0.0, 0.0, 0.0, 0.0, 0.0, 0.0, 0.0, 9.1]",cuda,1.2189063203566795,28.542179722894005,7.95458984375,26957.125,2763.2919921875,732.0,32768.0,5810.875,0.0,45.117,44.0,0.0,521.0623796221485,34.68060493469238,15.353248119354248,14.074087142944336,8.522510528564453,14.074087142944336,24.589049816131592,29.987533092498804,4.743343479780721,4.24889036750123,fp32,10,inference,12.2,14507.74609375,65.13279745276856,6.728026190961132,1769067527.527828,800
8.0,4,48,24,2536.2734375,24166.53515625,3.3,"[0.0, 30.0, 0.0, 0.0, 0.0, 0.0, 0.0, 0.0, 0.0, 0.0, 0.0, 0.0, 0.0, 0.0, 0.0, 0.0, 0.0, 10.0, 0.0, 0.0, 0.0, 0.0, 0.0, 0.0, 0.0, 0.0, 0.0, 0.0, 0.0, 0.0, 0.0, 0.0, 0.0, 0.0, 0.0, 9.1, 0.0, 0.0, 0.0, 10.0, 0.0, 0.0, 0.0, 0.0, 0.0, 0.0, 0.0, 0.0]",cuda,1.2189063203566795,24.79604566028007,7.95458984375,27011.125,2763.2919921875,732.0,32768.0,5756.875,0.0,42.52,43.0,0.0,452.6734356802284,30.663728713989258,17.672784328460693,17.137885093688965,8.819818496704102,17.137885093688965,26.485037803649902,29.00417089462281,4.8934465377601075,4.24889036750123,fp32,11,inference,12.2,14512.3125,56.58417946002855,7.744482138551669,1769071659.943505,800
8.0,4,48,24,2556.29296875,24230.53515625,2.1,"[0.0, 0.0, 0.0, 0.0, 0.0, 0.0, 0.0, 0.0, 0.0, 0.0, 0.0, 0.0, 0.0, 90.9, 0.0, 0.0, 0.0, 0.0, 0.0, 0.0, 0.0, 0.0, 0.0, 0.0, 0.0, 0.0, 0.0, 0.0, 0.0, 0.0, 0.0, 0.0, 0.0, 0.0, 0.0, 0.0, 0.0, 0.0, 0.0, 0.0, 0.0, 0.0, 0.0, 0.0, 0.0, 0.0, 0.0, 0.0]",cuda,1.2189063203566795,31.069878341978036,7.95458984375,26943.125,2763.2919921875,732.0,32768.0,5824.875,4.0,44.554,43.0,8.0,567.2077220667232,28.963565826416016,14.104180335998535,13.37730884552002,8.32986831665039,13.37730884552002,21.67752981185913,27.012505531311046,4.144231624889238,4.24889036750123,fp32,12,inference,12.9,15374.20703125,70.9009652583404,6.18066574349274,1769075802.5451329,800
8.0,4,48,24,2546.2734375,24166.53515625,0.4,"[0.0, 9.1, 9.1, 0.0, 0.0, 0.0, 0.0, 0.0, 0.0, 0.0, 0.0, 9.1, 0.0, 9.1, 0.0, 0.0, 0.0, 0.0, 0.0, 0.0, 0.0, 10.0, 9.1, 27.3, 0.0, 0.0, 0.0, 0.0, 0.0, 0.0, 9.1, 10.0, 0.0, 0.0, 0.0, 10.0, 0.0, 0.0, 9.1, 10.0, 0.0, 0.0, 0.0, 10.0, 0.0, 0.0, 0.0, 0.0]",cuda,1.2189063203566795,25.199039759472598,7.95458984375,26943.125,2763.2919921875,732.0,32768.0,5824.875,0.0,44.757,44.0,0.0,460.0304443718425,31.088590621948242,17.390153408050537,16.611218452453613,8.414745330810547,16.611218452453613,26.041948795318604,28.347759246826186,5.304538283243639,4.24889036750123,fp32,13,inference,13.0,15521.77734375,57.503805546480315,7.620628982521585,1769079953.8853312,800
8.0,4,48,24,2551.4921875,24166.53515625,2.7,"[0.0, 9.1, 0.0, 0.0, 0.0, 0.0, 0.0, 0.0, 0.0, 0.0, 0.0, 60.0, 0.0, 0.0, 0.0, 9.1, 0.0, 10.0, 0.0, 0.0, 0.0, 0.0, 0.0, 0.0, 0.0, 20.0, 0.0, 9.1, 0.0, 0.0, 0.0, 0.0, 0.0, 9.1, 0.0, 0.0, 0.0, 0.0, 0.0, 0.0, 0.0, 0.0, 0.0, 0.0, 0.0, 0.0, 0.0, 0.0]",cuda,1.2189063203566795,27.500395424264852,7.95458984375,26943.125,2763.2919921875,732.0,32768.0,5824.875,6.0,44.742,43.0,13.0,502.0436988147648,33.53452682495117,15.934867858886719,14.912605285644531,8.358478546142578,14.912605285644531,23.372781276702877,30.457346439361586,4.613142608897554,4.24889036750123,fp32,14,inference,13.2,15788.65625,62.7554623518456,6.982900782339718,1769084096.191703,800
8.0,4,48,24,2555.5703125,24167.53515625,0.4,"[0.0, 0.0, 0.0, 0.0, 0.0, 0.0, 0.0, 0.0, 0.0, 0.0, 27.3, 0.0, 0.0, 0.0, 0.0, 0.0, 0.0, 10.0, 0.0, 0.0, 0.0, 0.0, 0.0, 0.0, 0.0, 0.0, 0.0, 0.0, 0.0, 0.0, 0.0, 0.0, 0.0, 0.0, 0.0, 0.0, 0.0, 54.5, 0.0, 0.0, 0.0, 0.0, 0.0, 0.0, 0.0, 0.0, 0.0, 0.0]",cuda,1.2189063203566795,26.892608929971672,7.95458984375,26943.125,2763.2919921875,732.0,32768.0,5824.875,0.0,44.562,43.0,0.0,490.9480263716198,34.5311164855957,16.29500389099121,14.613747596740723,8.35418701171875,14.613747596740723,27.45901346206665,31.93403005599977,5.594754782180241,4.24889036750123,fp32,15,inference,13.2,15764.328125,61.368503296452474,7.140717853846132,1769088236.1576052,800
8.0,4,48,24,2555.828125,24167.53515625,7.2,"[60.0, 22.2, 0.0, 0.0, 100.0, 0.0, 0.0, 0.0, 0.0, 9.1, 0.0, 0.0, 0.0, 0.0, 0.0, 0.0, 0.0, 0.0, 0.0, 0.0, 0.0, 0.0, 0.0, 10.0, 50.0, 0.0, 9.1, 0.0, 100.0, 0.0, 0.0, 0.0, 0.0, 9.1, 9.1, 0.0, 0.0, 0.0, 0.0, 0.0, 0.0, 0.0, 0.0, 0.0, 0.0, 0.0, 0.0, 0.0]",cuda,1.2189063203566795,28.643737566006628,7.95458984375,26943.125,2763.2919921875,732.0,32768.0,5824.875,9.0,104.742,44.0,19.0,522.9164066066086,29.86931800842285,15.29881238937378,14.281272888183594,8.494377136230469,14.281272888183594,22.113120555877686,27.745716571807872,3.9490424815736587,4.24889036750123,fp32,16,inference,13.7,16315.71484375,65.36455082582607,6.704171628448656,1769092365.7786322,800
8.0,4,48,24,2555.9765625,24167.53515625,12.2,"[20.0, 10.0, 9.1, 81.8, 0.0, 80.0, 0.0, 0.0, 9.1, 9.1, 0.0, 0.0, 0.0, 0.0, 0.0, 0.0, 0.0, 0.0, 0.0, 0.0, 0.0, 0.0, 0.0, 0.0, 9.1, 22.2, 0.0, 0.0, 0.0, 0.0, 0.0, 0.0, 0.0, 0.0, 0.0, 0.0, 0.0, 0.0, 0.0, 0.0, 0.0, 0.0, 0.0, 0.0, 0.0, 0.0, 0.0, 0.0]",cuda,1.2189063203566795,27.10769776442992,7.95458984375,26943.125,2763.2919921875,732.0,32768.0,5824.875,5.0,73.034,44.0,11.0,494.87466060211875,28.12051773071289,16.165709495544434,15.332341194152832,8.344173431396484,15.332341194152832,23.21544885635376,25.194871425628676,4.319123931549358,4.24889036750123,fp32,17,inference,12.8,15258.05078125,61.859332575264844,7.084059088733503,1769096498.0110662,800
8.0,4,48,24,2560.19140625,24167.53515625,0.2,"[0.0, 0.0, 0.0, 0.0, 0.0, 0.0, 30.0, 0.0, 0.0, 0.0, 0.0, 0.0, 0.0, 0.0, 0.0, 0.0, 0.0, 0.0, 0.0, 0.0, 0.0, 0.0, 0.0, 0.0, 0.0, 0.0, 0.0, 0.0, 0.0, 0.0, 0.0, 0.0, 0.0, 0.0, 0.0, 0.0, 0.0, 0.0, 0.0, 9.1, 0.0, 0.0, 0.0, 0.0, 0.0, 0.0, 0.0, 0.0]",cuda,1.2189063203566795,28.460227978945554,7.95458984375,26943.125,2763.2919921875,732.0,32768.0,5824.875,8.0,44.271,43.0,18.0,519.5662790744487,31.847238540649414,15.39745807647705,14.229059219360352,8.54182243347168,14.229059219360352,22.660040855407715,29.979262351989757,4.45600707900015,4.24889036750123,fp32,18,inference,12.6,15033.4296875,64.9457848843061,6.747399664711519,1769100645.564281,800
8.0,4,48,24,2585.40625,24231.53515625,0.6,"[0.0, 36.4, 0.0, 9.1, 0.0, 0.0, 0.0, 0.0, 0.0, 10.0, 0.0, 0.0, 0.0, 0.0, 0.0, 0.0, 0.0, 0.0, 0.0, 0.0, 0.0, 25.0, 9.1, 0.0, 0.0, 0.0, 0.0, 9.1, 0.0, 0.0, 0.0, 0.0, 0.0, 0.0, 0.0, 0.0, 0.0, 0.0, 0.0, 0.0, 0.0, 0.0, 0.0, 0.0, 0.0, 0.0, 0.0, 0.0]",cuda,1.2189063203566795,29.3714383036104,7.95458984375,26943.125,2763.2919921875,732.0,32768.0,5824.875,0.0,42.909,44.0,0.0,536.2012181266086,29.085874557495117,14.919772148132324,14.142751693725586,8.308649063110352,14.142751693725586,22.97055721282959,29.045040607452393,4.6384342228186135,4.24889036750123,fp32,19,inference,13.3,15826.421875,67.02515226582608,6.538070445775397,1769104788.1110082,800
8.0,4,48,24,2597.375,24167.53515625,8.1,"[0.0, 0.0, 0.0, 0.0, 100.0, 0.0, 0.0, 0.0, 0.0, 0.0, 0.0, 0.0, 30.0, 0.0, 0.0, 0.0, 0.0, 0.0, 0.0, 0.0, 0.0, 18.2, 0.0, 0.0, 11.1, 0.0, 0.0, 0.0, 100.0, 0.0, 0.0, 88.9, 0.0, 10.0, 0.0, 0.0, 0.0, 0.0, 0.0, 0.0, 0.0, 0.0, 0.0, 0.0, 0.0, 0.0, 0.0, 0.0]",cuda,1.2189063203566795,34.329134882302355,7.95458984375,26943.125,2763.2919921875,732.0,32768.0,5824.875,9.0,59.719,43.0,19.0,626.7082922820468,22.139549255371094,12.765109539031982,12.755870819091797,8.015871047973633,12.755870819091797,18.04425716400146,21.23034477233887,3.0200204146991148,4.24889036750123,fp32,20,inference,13.6,16268.12890625,78.33853653525586,5.593864610370617,1769108935.3339407,800
8.0,4,48,24,2632.2265625,24167.53515625,7.5,"[0.0, 30.0, 0.0, 0.0, 0.0, 0.0, 0.0, 0.0, 0.0, 0.0, 9.1, 36.4, 0.0, 0.0, 0.0, 0.0, 0.0, 0.0, 9.1, 0.0, 0.0, 0.0, 0.0, 0.0, 0.0, 0.0, 0.0, 0.0, 0.0, 0.0, 20.0, 0.0, 0.0, 0.0, 0.0, 0.0, 0.0, 0.0, 0.0, 0.0, 0.0, 10.0, 0.0, 0.0, 0.0, 0.0, 0.0, 0.0]",cuda,1.2189063203566795,27.731928844958336,7.95458984375,26943.125,2763.2919921875,732.0,32768.0,5824.875,6.0,73.835,44.0,14.0,506.27054330666726,31.35371208190918,15.801827907562256,15.308260917663574,8.515119552612305,15.308260917663574,23.47023487091064,26.498012542724634,4.713435389537682,4.24889036750123,fp32,21,inference,13.6,16221.53515625,63.28381791333341,6.924600657832069,1769113091.3231258,800
8.0,4,48,24,2663.16015625,24167.53515625,4.6,"[0.0, 27.3, 0.0, 30.0, 0.0, 0.0, 0.0, 0.0, 0.0, 0.0, 0.0, 0.0, 0.0, 0.0, 0.0, 0.0, 0.0, 0.0, 0.0, 0.0, 0.0, 0.0, 0.0, 0.0, 0.0, 0.0, 0.0, 0.0, 0.0, 0.0, 0.0, 0.0, 0.0, 0.0, 0.0, 0.0, 0.0, 0.0, 0.0, 0.0, 0.0, 0.0, 0.0, 0.0, 0.0, 0.0, 0.0, 0.0]",cuda,1.2189063203566795,27.865497055178455,7.95458984375,26945.125,2763.2919921875,732.0,32768.0,5822.875,4.0,39.321,43.0,10.0,508.7089474557148,24.89185333251953,15.72608470916748,14.652729034423828,8.675098419189453,14.652729034423828,23.515403270721436,24.828360080718994,4.3813063682256,4.24889036750123,fp32,22,inference,13.6,16224.125,63.58861843196435,6.891408839486815,1769117239.055259,800
8.0,4,48,24,2692.484375,24167.53515625,8.8,"[100.0, 10.0, 0.0, 0.0, 0.0, 0.0, 40.0, 0.0, 0.0, 0.0, 0.0, 0.0, 0.0, 0.0, 0.0, 0.0, 0.0, 0.0, 0.0, 0.0, 0.0, 0.0, 0.0, 100.0, 100.0, 20.0, 0.0, 0.0, 11.1, 9.1, 0.0, 0.0, 10.0, 0.0, 0.0, 100.0, 11.1, 0.0, 0.0, 0.0, 0.0, 0.0, 0.0, 0.0, 0.0, 0.0, 0.0, 0.0]",cuda,1.2189063203566795,21.064765960873448,7.95458984375,18643.125,2763.2919921875,732.0,32768.0,14124.875,37.0,207.383,69.0,100.0,384.55567109166265,39.15071487426758,20.803229808807373,20.987391471862793,11.388540267944336,20.987391471862793,29.21403646469116,33.33128690719607,5.113127977253105,4.24889036750123,fp32,23,inference,14.5,17074.36328125,48.06945888645783,9.116290827984496,1769121702.4499617,800
8.0,4,48,24,2724.59765625,24158.53515625,13.8,"[100.0, 9.1, 0.0, 0.0, 20.0, 0.0, 0.0, 0.0, 0.0, 9.1, 0.0, 0.0, 0.0, 70.0, 0.0, 100.0, 0.0, 0.0, 0.0, 9.1, 0.0, 0.0, 0.0, 0.0, 100.0, 0.0, 0.0, 0.0, 30.0, 0.0, 60.0, 0.0, 70.0, 0.0, 0.0, 0.0, 45.5, 0.0, 0.0, 0.0, 0.0, 0.0, 0.0, 0.0, 0.0, 9.1, 0.0, 0.0]",cuda,1.2189063203566795,21.487482055742948,7.95458984375,18643.125,2763.2919921875,732.0,32768.0,14124.875,38.0,191.162,67.0,99.0,392.2727220119401,37.76097297668457,20.393974781036377,18.828272819519043,13.258218765258789,18.828272819519043,32.391154766082764,35.37254095077516,5.364887256493902,4.24889036750123,fp32,24,inference,14.4,16909.1015625,49.034090251492515,8.936949067581708,1769126187.9707582,800
8.0,4,48,24,2726.95703125,24159.53515625,14.6,"[90.0, 50.0, 0.0, 22.2, 18.2, 0.0, 10.0, 0.0, 10.0, 0.0, 0.0, 0.0, 0.0, 36.4, 9.1, 0.0, 0.0, 0.0, 0.0, 33.3, 0.0, 0.0, 0.0, 0.0, 100.0, 9.1, 9.1, 0.0, 36.4, 0.0, 45.5, 0.0, 0.0, 0.0, 0.0, 0.0, 0.0, 0.0, 0.0, 18.2, 0.0, 0.0, 0.0, 66.7, 0.0, 0.0, 0.0, 0.0]",cuda,1.2189063203566795,21.06426382765916,7.95458984375,18643.125,2763.2919921875,732.0,32768.0,14124.875,36.0,191.268,69.0,100.0,384.54650421197573,34.86037254333496,20.803725719451904,19.18506622314453,12.340545654296875,19.18506622314453,32.97618627548218,34.378626346588135,5.376282017249279,4.24889036750123,fp32,25,inference,14.6,17239.91796875,48.068313026496966,9.116508143550483,1769130686.7911792,800
8.0,4,48,24,2757.17578125,24159.53515625,11.3,"[100.0, 9.1, 0.0, 0.0, 20.0, 0.0, 0.0, 0.0, 0.0, 0.0, 0.0, 100.0, 0.0, 0.0, 0.0, 0.0, 0.0, 0.0, 0.0, 0.0, 0.0, 0.0, 0.0, 0.0, 100.0, 0.0, 0.0, 0.0, 11.1, 0.0, 10.0, 0.0, 54.5, 0.0, 0.0, 0.0, 0.0, 0.0, 0.0, 100.0, 41.7, 0.0, 0.0, 0.0, 0.0, 0.0, 0.0, 9.1]",cuda,1.2189063203566795,20.27790799990633,7.95458984375,18643.125,2763.2919921875,732.0,32768.0,14124.875,29.0,257.396,69.0,99.0,370.190892874066,37.15181350708008,21.610472202301025,19.881725311279297,13.109683990478516,19.881725311279297,35.283446311950684,36.95826530456543,6.229874951501793,4.24889036750123,fp32,26,inference,14.5,17094.83984375,46.27386160925825,9.470036688382137,1769135175.423317,800
8.0,4,48,24,2785.52734375,24159.53515625,6.9,"[0.0, 0.0, 0.0, 22.2, 0.0, 11.1, 0.0, 100.0, 0.0, 0.0, 0.0, 0.0, 0.0, 0.0, 0.0, 0.0, 0.0, 0.0, 0.0, 0.0, 0.0, 18.2, 0.0, 9.1, 0.0, 0.0, 0.0, 0.0, 0.0, 11.1, 0.0, 0.0, 0.0, 0.0, 0.0, 0.0, 0.0, 18.2, 0.0, 0.0, 0.0, 0.0, 0.0, 0.0, 0.0, 0.0, 0.0, 0.0]",cuda,1.2189063203566795,20.835488612280937,7.95458984375,18643.125,2763.2919921875,732.0,32768.0,14124.875,42.0,219.777,70.0,99.0,380.3700131632584,33.92362594604492,21.03215217590332,20.884394645690918,11.537790298461914,20.884394645690918,31.33671283721924,33.47681283950806,4.991941267351408,4.24889036750123,fp32,27,inference,14.3,16830.71875,47.5462516454073,9.21660808134646,1769139682.301811,800
8.0,4,48,24,2786.44921875,24159.53515625,9.4,"[100.0, 0.0, 0.0, 0.0, 36.4, 0.0, 27.3, 0.0, 60.0, 0.0, 0.0, 0.0, 0.0, 0.0, 0.0, 0.0, 0.0, 0.0, 0.0, 0.0, 0.0, 100.0, 0.0, 100.0, 100.0, 0.0, 0.0, 0.0, 18.2, 0.0, 0.0, 0.0, 0.0, 0.0, 0.0, 0.0, 50.0, 0.0, 0.0, 0.0, 0.0, 0.0, 0.0, 0.0, 20.0, 0.0, 0.0, 0.0]",cuda,1.2189063203566795,21.25098439688939,7.95458984375,18643.125,2763.2919921875,732.0,32768.0,14124.875,40.0,214.278,70.0,100.0,387.9552510236099,35.520315170288086,20.62093496322632,20.801424980163574,12.655973434448242,20.801424980163574,28.990161418914795,32.03314304351809,5.194221552943499,4.24889036750123,fp32,28,inference,14.9,17532.2890625,48.494406377951236,9.036406461757101,1769144178.0839171,800
8.0,4,48,24,2793.64453125,24159.53515625,9.2,"[100.0, 40.0, 0.0, 0.0, 10.0, 0.0, 50.0, 0.0, 18.2, 0.0, 0.0, 0.0, 0.0, 0.0, 0.0, 0.0, 0.0, 0.0, 0.0, 0.0, 0.0, 0.0, 0.0, 0.0, 100.0, 0.0, 0.0, 0.0, 0.0, 20.0, 10.0, 0.0, 0.0, 0.0, 0.0, 0.0, 0.0, 18.2, 0.0, 100.0, 0.0, 0.0, 0.0, 0.0, 0.0, 0.0, 0.0, 100.0]",cuda,1.2189063203566795,23.65786732097041,7.95458984375,18643.125,2763.2919921875,732.0,32768.0,14124.875,37.0,210.499,68.0,100.0,431.8949976046187,29.709815979003906,18.52302074432373,16.956090927124023,11.75832748413086,16.956090927124023,26.963901519775387,29.46929693222046,3.985115952186246,4.24889036750123,fp32,29,inference,14.8,17478.46875,53.98687470057734,8.117068631648483,1769148696.4051402,800
8.0,4,48,24,2792.9921875,24159.53515625,7.7,"[77.8, 9.1, 0.0, 11.1, 36.4, 0.0, 66.7, 0.0, 9.1, 0.0, 9.1, 0.0, 0.0, 72.7, 0.0, 0.0, 0.0, 0.0, 0.0, 0.0, 0.0, 10.0, 0.0, 0.0, 88.9, 0.0, 0.0, 0.0, 0.0, 0.0, 0.0, 10.0, 0.0, 0.0, 0.0, 100.0, 18.2, 0.0, 0.0, 10.0, 0.0, 10.0, 0.0, 0.0, 0.0, 9.1, 0.0, 0.0]",cuda,1.2189063203566795,20.599935650121182,7.95458984375,18629.125,2763.2919921875,732.0,32768.0,14138.875,36.0,248.788,70.0,99.0,376.0697884368491,39.0477180480957,21.272647380828857,19.667625427246094,13.2598876953125,19.667625427246094,31.974601745605465,35.93560457229616,5.736712309542751,4.24889036750123,fp32,30,inference,14.4,16961.93359375,47.008723554606135,9.32199672777235,1769153225.8705664,800
8.0,4,48,24,2805.328125,24136.53515625,9.8,"[90.0, 66.7, 0.0, 27.3, 27.3, 9.1, 0.0, 10.0, 0.0, 0.0, 9.1, 100.0, 0.0, 100.0, 0.0, 9.1, 0.0, 10.0, 0.0, 0.0, 0.0, 0.0, 0.0, 0.0, 100.0, 0.0, 0.0, 0.0, 22.2, 0.0, 50.0, 0.0, 30.0, 0.0, 0.0, 0.0, 0.0, 0.0, 0.0, 10.0, 0.0, 0.0, 9.1, 9.1, 0.0, 0.0, 0.0, 18.2]",cuda,1.2189063203566795,22.043754974361708,7.95458984375,18665.125,2763.2919921875,732.0,32768.0,14102.875,37.0,194.543,69.0,100.0,402.4279692113106,33.10203552246094,19.879333972930908,18.122315406799316,13.265848159790039,18.122315406799316,28.724002838134762,32.09062814712525,4.414080653816247,4.24889036750123,fp32,31,inference,15.2,17936.828125,50.303496151413825,8.711425659834122,1769157739.9033296,800
8.0,4,48,24,2800.5546875,24136.53515625,0.2,"[0.0, 0.0, 0.0, 0.0, 0.0, 0.0, 0.0, 0.0, 0.0, 0.0, 0.0, 0.0, 0.0, 9.1, 0.0, 0.0, 0.0, 0.0, 0.0, 50.0, 0.0, 0.0, 0.0, 0.0, 0.0, 0.0, 0.0, 0.0, 0.0, 0.0, 0.0, 0.0, 0.0, 0.0, 0.0, 0.0, 0.0, 0.0, 0.0, 0.0, 0.0, 0.0, 0.0, 0.0, 0.0, 0.0, 0.0, 0.0]",cuda,1.2189063203566795,25.42248633719413,7.95458984375,26931.125,2763.2919921875,732.0,32768.0,5836.875,2.0,44.66,44.0,4.0,464.1096564935649,30.211687088012695,17.237305641174316,17.85719394683838,8.642196655273438,17.85719394683838,25.741887092590332,28.951971530914314,5.201529270886654,4.24889036750123,fp32,32,inference,13.8,16486.62890625,58.01370706169561,7.553648772810991,1769161909.1422992,800
8.0,4,48,24,2807.56640625,24136.53515625,11.1,"[100.0, 50.0, 0.0, 30.0, 0.0, 20.0, 36.4, 40.0, 0.0, 9.1, 0.0, 0.0, 0.0, 0.0, 0.0, 30.0, 0.0, 0.0, 0.0, 40.0, 0.0, 9.1, 100.0, 0.0, 100.0, 0.0, 0.0, 0.0, 20.0, 0.0, 0.0, 0.0, 9.1, 10.0, 9.1, 0.0, 0.0, 10.0, 0.0, 9.1, 0.0, 30.0, 0.0, 55.6, 0.0, 0.0, 0.0, 10.0]",cuda,1.2189063203566795,21.54282343255958,7.95458984375,18629.125,2763.2919921875,732.0,32768.0,14138.875,35.0,233.055,69.0,99.0,393.2830271034083,35.006046295166016,20.3415846824646,19.67751979827881,11.177778244018555,19.67751979827881,27.89299488067627,30.645546913146994,4.7818579919450634,4.24889036750123,fp32,33,inference,15.6,18511.93359375,49.16037838792604,8.913990931778926,1769166425.2242332,800
8.0,4,48,24,2805.34375,24137.53515625,10.4,"[100.0, 0.0, 0.0, 0.0, 40.0, 0.0, 45.5, 0.0, 55.6, 0.0, 0.0, 0.0, 0.0, 0.0, 0.0, 0.0, 0.0, 0.0, 0.0, 100.0, 0.0, 0.0, 0.0, 0.0, 100.0, 0.0, 0.0, 0.0, 20.0, 0.0, 0.0, 0.0, 0.0, 0.0, 0.0, 0.0, 0.0, 10.0, 0.0, 0.0, 20.0, 11.1, 0.0, 0.0, 0.0, 0.0, 0.0, 0.0]",cuda,1.2189063203566795,23.54198638783955,7.95458984375,18857.125,2763.2919921875,732.0,32768.0,13910.875,35.0,230.324,68.0,99.0,429.77949012214117,36.61942481994629,18.61419677734375,16.698479652404785,12.922525405883789,16.698479652404785,28.828918933868408,29.976000785827672,4.989491726485944,4.24889036750123,fp32,34,inference,16.5,19552.94921875,53.722436265267646,8.15702335219868,1769170974.3156607,800
8.0,4,48,24,2806.5078125,24137.53515625,11.2,"[80.0, 22.2, 9.1, 0.0, 40.0, 0.0, 0.0, 0.0, 0.0, 0.0, 0.0, 0.0, 0.0, 0.0, 0.0, 100.0, 40.0, 0.0, 0.0, 0.0, 0.0, 0.0, 0.0, 0.0, 75.0, 0.0, 0.0, 0.0, 22.2, 0.0, 0.0, 0.0, 22.2, 100.0, 0.0, 0.0, 10.0, 0.0, 0.0, 0.0, 0.0, 0.0, 9.1, 0.0, 30.0, 0.0, 0.0, 0.0]",cuda,1.2189063203566795,20.835448460191138,7.95458984375,18629.125,2763.2919921875,732.0,32768.0,14138.875,37.0,246.563,70.0,100.0,380.3692801518465,35.53581237792969,21.032192707061768,19.88375186920166,13.251066207885742,19.88375186920166,30.503213405609127,35.49875497817993,5.466887566480374,4.24889036750123,fp32,35,inference,16.1,19093.4453125,47.546160018980814,9.216625842714834,1769175522.6830306,800
8.0,4,48,24,2810.6015625,24138.53515625,10.4,"[100.0, 20.0, 0.0, 0.0, 20.0, 0.0, 40.0, 0.0, 30.0, 0.0, 9.1, 0.0, 0.0, 0.0, 0.0, 100.0, 0.0, 0.0, 0.0, 0.0, 0.0, 0.0, 0.0, 0.0, 100.0, 0.0, 40.0, 0.0, 18.2, 0.0, 0.0, 0.0, 0.0, 0.0, 0.0, 0.0, 0.0, 0.0, 0.0, 0.0, 0.0, 0.0, 0.0, 9.1, 0.0, 0.0, 0.0, 0.0]",cuda,1.2189063203566795,24.302099338975456,7.95458984375,18765.125,2763.2919921875,732.0,32768.0,14002.875,31.0,225.22,69.0,100.0,443.65601486362056,35.84408760070801,18.0319881439209,16.6933536529541,12.584686279296875,16.6933536529541,26.633524894714352,33.00860643386842,4.44866402232619,4.24889036750123,fp32,36,inference,15.9,18893.1953125,55.45700185795257,7.901890698585484,1769180060.6011407,800
8.0,4,48,24,2810.9921875,24139.53515625,11.1,"[100.0, 0.0, 0.0, 9.1, 10.0, 0.0, 0.0, 0.0, 27.3, 0.0, 0.0, 0.0, 0.0, 0.0, 0.0, 100.0, 0.0, 0.0, 0.0, 0.0, 0.0, 0.0, 0.0, 0.0, 100.0, 0.0, 0.0, 0.0, 22.2, 0.0, 30.0, 0.0, 0.0, 0.0, 0.0, 0.0, 0.0, 0.0, 0.0, 0.0, 0.0, 0.0, 0.0, 0.0, 0.0, 0.0, 0.0, 0.0]",cuda,1.2189063203566795,22.320035785373342,7.95458984375,18615.125,2763.2919921875,732.0,32768.0,14152.875,37.0,222.818,68.0,99.0,407.4717163331952,39.31093215942383,19.633264541625977,17.751097679138184,13.241767883300781,17.751097679138184,28.904032707214355,31.421482563018838,4.417770260847538,4.24889036750123,fp32,37,inference,15.6,18454.125,50.9339645416494,8.603594302863637,1769184601.5075667,800
8.0,4,48,24,2752.5,24140.53515625,3.1,"[0.0, 0.0, 0.0, 0.0, 0.0, 0.0, 0.0, 9.1, 0.0, 0.0, 0.0, 0.0, 0.0, 0.0, 0.0, 0.0, 0.0, 0.0, 0.0, 0.0, 0.0, 0.0, 0.0, 100.0, 0.0, 0.0, 20.0, 0.0, 0.0, 0.0, 0.0, 0.0, 0.0, 0.0, 9.1, 0.0, 0.0, 0.0, 0.0, 0.0, 0.0, 0.0, 0.0, 0.0, 0.0, 0.0, 0.0, 0.0]",cuda,1.2189063203566795,20.90946736992903,7.95458984375,18629.125,2763.2919921875,732.0,32768.0,14138.875,28.0,249.592,70.0,99.0,381.72055989360103,30.086755752563477,20.95773935317993,20.793914794921875,13.303756713867188,20.793914794921875,28.83695363998413,30.033175945281982,4.309542994601846,4.24889036750123,fp32,38,inference,15.3,18109.89453125,47.71506998670013,9.183999253798419,1769189134.0285685,800
8.0,4,48,24,2779.33984375,24167.28515625,9.7,"[80.0, 0.0, 0.0, 0.0, 0.0, 0.0, 0.0, 100.0, 0.0, 0.0, 0.0, 10.0, 0.0, 0.0, 0.0, 0.0, 0.0, 0.0, 0.0, 11.1, 0.0, 0.0, 0.0, 0.0, 90.0, 100.0, 0.0, 0.0, 30.0, 0.0, 70.0, 0.0, 0.0, 10.0, 0.0, 0.0, 0.0, 0.0, 0.0, 0.0, 0.0, 0.0, 0.0, 0.0, 0.0, 0.0, 0.0, 9.1]",cuda,1.2189063203566795,20.28767123390837,7.95458984375,18629.125,2763.2919921875,732.0,32768.0,14138.875,37.0,209.982,70.0,100.0,370.36912922431327,42.552947998046875,21.600072383880615,20.88332176208496,12.411355972290039,20.88332176208496,34.20816659927368,39.7981905937195,6.172201807371784,4.24889036750123,fp32,39,inference,14.8,17473.47265625,46.29614115303916,9.465479330214679,1769193669.267924,800
8.0,4,48,24,2782.515625,24167.28515625,8.6,"[0.0, 0.0, 9.1, 30.0, 0.0, 40.0, 0.0, 100.0, 0.0, 0.0, 0.0, 0.0, 0.0, 0.0, 0.0, 0.0, 0.0, 0.0, 0.0, 0.0, 0.0, 0.0, 0.0, 0.0, 0.0, 0.0, 0.0, 0.0, 0.0, 0.0, 0.0, 0.0, 0.0, 0.0, 0.0, 0.0, 9.1, 0.0, 0.0, 0.0, 0.0, 0.0, 0.0, 0.0, 0.0, 0.0, 0.0, 0.0]",cuda,1.2189063203566795,21.73086224167964,7.95458984375,18665.125,2763.2919921875,732.0,32768.0,14102.875,37.0,252.359,70.0,100.0,396.7158395337366,31.88014030456543,20.16556739807129,19.861459732055664,13.008594512939453,19.861459732055664,27.08343267440796,29.982659816741954,4.2527658565986215,4.24889036750123,fp32,40,inference,15.1,17906.0625,49.58947994171707,8.83685748807673,1769198210.967454,800
8.0,4,48,24,2747.78125,24132.53515625,9.4,"[100.0, 0.0, 0.0, 10.0, 20.0, 9.1, 27.3, 9.1, 0.0, 0.0, 0.0, 0.0, 0.0, 0.0, 0.0, 9.1, 0.0, 0.0, 0.0, 10.0, 10.0, 0.0, 0.0, 100.0, 100.0, 0.0, 0.0, 0.0, 0.0, 0.0, 25.0, 0.0, 30.0, 0.0, 0.0, 0.0, 0.0, 0.0, 0.0, 0.0, 0.0, 0.0, 0.0, 0.0, 0.0, 0.0, 0.0, 0.0]",cuda,1.2189063203566795,20.57273251707938,7.95458984375,18629.125,2763.2919921875,732.0,32768.0,14138.875,31.0,178.266,69.0,99.0,375.573171522039,42.26255416870117,21.30077600479126,20.486950874328613,12.658119201660156,20.486950874328613,32.913053035736084,39.68836307525636,5.952574116680129,4.24889036750123,fp32,41,inference,16.2,19282.48046875,46.946646440254874,9.334323117423812,1769202819.3612993,800
8.0,4,48,24,2747.78125,24132.53515625,11.5,"[100.0, 9.1, 0.0, 9.1, 27.3, 0.0, 54.5, 0.0, 55.6, 0.0, 0.0, 0.0, 9.1, 0.0, 0.0, 0.0, 20.0, 0.0, 18.2, 0.0, 0.0, 0.0, 0.0, 0.0, 100.0, 0.0, 0.0, 0.0, 18.2, 90.9, 0.0, 36.4, 0.0, 80.0, 0.0, 90.9, 0.0, 10.0, 0.0, 0.0, 0.0, 0.0, 0.0, 0.0, 0.0, 72.7, 0.0, 0.0]",cuda,1.2189063203566795,19.76438996946995,7.95458984375,18685.125,2763.2919921875,732.0,32768.0,14082.875,36.0,185.519,70.0,100.0,360.8161734407273,42.18268394470215,22.171955108642578,21.936893463134766,12.407302856445312,21.936893463134766,31.925439834594723,36.122028827667265,5.793711634467135,4.24889036750123,fp32,42,inference,16.6,19660.765625,45.102021680090914,9.716087014038038,1769207375.4106653,800
8.0,4,48,24,2804.26171875,24158.28515625,10.6,"[100.0, 30.0, 0.0, 9.1, 9.1, 0.0, 0.0, 9.1, 36.4, 0.0, 0.0, 0.0, 0.0, 0.0, 0.0, 0.0, 36.4, 0.0, 0.0, 0.0, 0.0, 0.0, 0.0, 0.0, 100.0, 0.0, 100.0, 0.0, 20.0, 0.0, 36.4, 0.0, 0.0, 0.0, 0.0, 0.0, 0.0, 10.0, 0.0, 0.0, 0.0, 0.0, 0.0, 0.0, 0.0, 0.0, 0.0, 0.0]",cuda,1.2189063203566795,24.231677453317033,7.95458984375,18671.125,2763.2919921875,732.0,32768.0,14096.875,33.0,243.565,68.0,100.0,442.37040193304176,30.185461044311523,18.084392547607422,16.79384708404541,13.309478759765625,16.79384708404541,25.944149494171143,29.162724018096927,3.4941239863888165,4.24889036750123,fp32,43,inference,16.4,19547.828125,55.29630024163022,7.924855103106517,1769211928.0202906,800
8.0,4,48,24,2823.43359375,24132.53515625,8.7,"[100.0, 0.0, 0.0, 0.0, 20.0, 0.0, 33.3, 0.0, 50.0, 0.0, 0.0, 0.0, 0.0, 0.0, 0.0, 0.0, 0.0, 0.0, 0.0, 0.0, 9.1, 0.0, 0.0, 0.0, 100.0, 0.0, 0.0, 0.0, 36.4, 0.0, 9.1, 30.0, 0.0, 0.0, 9.1, 0.0, 0.0, 9.1, 0.0, 100.0, 10.0, 0.0, 0.0, 0.0, 0.0, 0.0, 0.0, 0.0]",cuda,1.2189063203566795,24.173455110877573,7.95458984375,19049.125,2763.2919921875,732.0,32768.0,13718.875,35.0,204.573,69.0,99.0,441.3075023019268,33.34164619445801,18.127949237823486,16.636252403259277,11.804580688476562,16.636252403259277,29.06112670898437,32.981693744659424,4.940809570355355,4.24889036750123,fp32,44,inference,15.8,18700.75,55.16343778774085,7.943942305390172,1769216514.5026217,800
8.0,4,48,24,2853.7421875,24132.53515625,8.5,"[100.0, 27.3, 20.0, 0.0, 20.0, 9.1, 0.0, 0.0, 0.0, 0.0, 0.0, 0.0, 0.0, 0.0, 0.0, 100.0, 0.0, 9.1, 0.0, 0.0, 0.0, 0.0, 0.0, 0.0, 100.0, 0.0, 0.0, 0.0, 10.0, 0.0, 11.1, 0.0, 0.0, 0.0, 0.0, 0.0, 0.0, 0.0, 11.1, 0.0, 0.0, 9.1, 0.0, 0.0, 54.5, 0.0, 0.0, 0.0]",cuda,1.2189063203566795,23.3354442019169,7.95458984375,18943.125,2763.2919921875,732.0,32768.0,13824.875,33.0,200.171,70.0,99.0,426.00888241333706,41.32080078125,18.778951168060303,16.859054565429688,10.858297348022461,16.859054565429688,30.220770835876465,36.472418308258085,5.469744011035284,4.24889036750123,fp32,45,inference,16.1,19070.1875,53.25111030166713,8.22922122506569,1769221076.6508532,800
8.0,4,48,24,2858.40234375,24132.53515625,14.7,"[100.0, 0.0, 0.0, 9.1, 0.0, 0.0, 0.0, 0.0, 0.0, 0.0, 10.0, 0.0, 0.0, 0.0, 0.0, 45.5, 0.0, 0.0, 0.0, 9.1, 9.1, 0.0, 0.0, 18.2, 100.0, 10.0, 0.0, 10.0, 0.0, 0.0, 0.0, 55.6, 0.0, 0.0, 0.0, 10.0, 0.0, 0.0, 0.0, 9.1, 0.0, 0.0, 0.0, 0.0, 0.0, 0.0, 0.0, 0.0]",cuda,1.2189063203566795,22.300588954528095,7.95458984375,18685.125,2763.2919921875,732.0,32768.0,14082.875,40.0,190.586,70.0,100.0,407.1166974784787,43.11823844909668,19.65038537979126,16.88563823699951,11.095046997070312,16.88563823699951,32.28864669799804,41.17449522018433,6.376359029847549,4.24889036750123,fp32,46,inference,15.4,18140.5390625,50.88958718480984,8.611096913822033,1769225663.8198526,800
8.0,4,48,24,2893.1484375,24158.28515625,12.8,"[100.0, 30.0, 18.2, 0.0, 30.0, 0.0, 40.0, 0.0, 0.0, 0.0, 0.0, 0.0, 0.0, 10.0, 0.0, 22.2, 0.0, 0.0, 0.0, 9.1, 0.0, 0.0, 0.0, 40.0, 100.0, 0.0, 0.0, 0.0, 20.0, 72.7, 9.1, 0.0, 9.1, 0.0, 0.0, 100.0, 0.0, 0.0, 0.0, 0.0, 0.0, 0.0, 0.0, 0.0, 0.0, 0.0, 0.0, 0.0]",cuda,1.2189063203566795,20.774081428292753,7.95458984375,18671.125,2763.2919921875,732.0,32768.0,14096.875,39.0,230.425,69.0,100.0,379.2489714724897,42.88816452026367,21.094322204589844,19.185423851013184,13.10420036315918,19.185423851013184,36.392390727996826,38.378255367279074,6.646695003492635,4.24889036750123,fp32,47,inference,15.3,18038.921875,47.40612143406121,9.243851930859218,1769230240.2783618,800
8.0,4,48,24,2867.171875,24127.30859375,15.6,"[88.9, 9.1, 0.0, 0.0, 10.0, 0.0, 0.0, 36.4, 30.0, 0.0, 0.0, 60.0, 0.0, 0.0, 10.0, 0.0, 0.0, 0.0, 0.0, 0.0, 0.0, 0.0, 0.0, 0.0, 72.7, 0.0, 0.0, 0.0, 30.0, 0.0, 54.5, 0.0, 0.0, 0.0, 0.0, 0.0, 0.0, 44.4, 0.0, 0.0, 0.0, 0.0, 0.0, 0.0, 0.0, 9.1, 0.0, 20.0]",cuda,1.2189063203566795,22.756812014774653,7.95458984375,18685.125,2763.2919921875,732.0,32768.0,14082.875,36.0,200.461,70.0,100.0,415.4454472697882,36.34166717529297,19.256439208984375,16.930222511291504,11.280536651611328,16.930222511291504,31.59413337707519,35.42538166046143,5.016607679701594,4.24889036750123,fp32,48,inference,15.2,17925.00390625,51.930680908723524,8.438463726732692,1769234796.3519974,800
8.0,4,48,24,2867.64453125,24127.30859375,8.1,"[40.0, 100.0, 0.0, 0.0, 0.0, 0.0, 0.0, 0.0, 0.0, 0.0, 20.0, 0.0, 0.0, 0.0, 0.0, 0.0, 0.0, 0.0, 0.0, 0.0, 0.0, 9.1, 9.1, 0.0, 0.0, 0.0, 0.0, 90.0, 60.0, 0.0, 0.0, 0.0, 0.0, 0.0, 0.0, 0.0, 0.0, 0.0, 0.0, 0.0, 0.0, 0.0, 0.0, 0.0, 0.0, 0.0, 0.0, 0.0]",cuda,1.2189063203566795,22.295243702494737,7.95458984375,18671.125,2763.2919921875,732.0,32768.0,14096.875,32.0,225.16,69.0,99.0,407.01911524155,29.00409698486328,19.655096530914307,19.622206687927246,12.84933090209961,19.622206687927246,26.05267763137817,28.70551347732544,3.6677066802309124,4.24889036750123,fp32,49,inference,15.1,17838.6796875,50.87738940519375,8.613161411698902,1769239372.6074255,800
8.0,4,48,24,2866.2890625,24131.69140625,4.4,"[0.0, 0.0, 0.0, 0.0, 0.0, 0.0, 0.0, 0.0, 0.0, 0.0, 0.0, 0.0, 0.0, 0.0, 0.0, 18.2, 0.0, 0.0, 0.0, 27.3, 0.0, 100.0, 0.0, 80.0, 0.0, 0.0, 0.0, 0.0, 0.0, 0.0, 0.0, 0.0, 0.0, 0.0, 8.3, 0.0, 0.0, 0.0, 0.0, 0.0, 0.0, 0.0, 0.0, 0.0, 0.0, 0.0, 0.0, 0.0]",cuda,1.2189063203566795,20.85403178297408,7.95458984375,18685.125,2763.2919921875,732.0,32768.0,14082.875,36.0,250.454,70.0,100.0,380.7085349139066,34.35087203979492,21.013450622558594,21.05081081390381,12.515068054199219,21.05081081390381,30.061423778533932,33.347489833831794,5.057364587042074,4.24889036750123,fp32,50,inference,14.8,17456.7265625,47.588566864238324,9.208412777021485,1769243954.7023509,800
8.0,4,48,24,2898.98828125,24160.19140625,27.3,"[81.8, 18.2, 0.0, 10.0, 20.0, 77.8, 18.2, 90.0, 70.0, 88.9, 18.2, 18.2, 0.0, 100.0, 18.2, 10.0, 0.0, 0.0, 0.0, 20.0, 0.0, 10.0, 0.0, 50.0, 80.0, 20.0, 0.0, 100.0, 30.0, 18.2, 20.0, 10.0, 0.0, 0.0, 0.0, 60.0, 0.0, 11.1, 0.0, 10.0, 0.0, 36.4, 0.0, 10.0, 10.0, 100.0, 0.0, 20.0]",cuda,1.2189063203566795,19.039787795812174,7.95458984375,18671.125,2763.2919921875,732.0,32768.0,14096.875,40.0,192.457,69.0,99.0,347.5879289075092,44.798851013183594,23.015758991241455,21.234989166259766,13.149261474609375,21.234989166259766,37.763357162475586,41.095707416534445,7.028495755407096,4.24889036750123,fp32,51,inference,16.5,19675.20703125,43.44849111343865,10.08585467349528,1769248540.515894,800
8.0,4,48,24,2872.828125,24135.40625,11.5,"[100.0, 30.0, 0.0, 100.0, 10.0, 30.0, 0.0, 0.0, 0.0, 0.0, 0.0, 0.0, 9.1, 0.0, 0.0, 0.0, 0.0, 0.0, 20.0, 0.0, 0.0, 0.0, 9.1, 0.0, 100.0, 0.0, 81.8, 0.0, 11.1, 0.0, 0.0, 0.0, 0.0, 0.0, 0.0, 0.0, 0.0, 0.0, 0.0, 0.0, 0.0, 0.0, 0.0, 0.0, 0.0, 0.0, 0.0, 0.0]",cuda,1.2189063203566795,22.645024311878473,7.95458984375,18671.125,2763.2919921875,732.0,32768.0,14096.875,38.0,195.113,69.0,100.0,413.40466527454146,34.28387641906738,19.35149908065796,17.485380172729492,12.46500015258789,17.485380172729492,27.177023887634274,33.522429466247566,4.7652617102011545,4.24889036750123,fp32,52,inference,16.5,19610.234375,51.67558315931768,8.480120404287655,1769253219.4095747,800
8.0,4,48,24,2866.87890625,24127.30859375,9.8,"[100.0, 0.0, 0.0, 100.0, 100.0, 100.0, 60.0, 0.0, 0.0, 0.0, 0.0, 0.0, 0.0, 0.0, 18.2, 0.0, 0.0, 0.0, 0.0, 0.0, 0.0, 0.0, 0.0, 0.0, 100.0, 0.0, 0.0, 0.0, 100.0, 0.0, 33.3, 0.0, 0.0, 0.0, 0.0, 0.0, 0.0, 0.0, 0.0, 0.0, 0.0, 9.1, 0.0, 0.0, 0.0, 0.0, 0.0, 0.0]",cuda,1.2189063203566795,21.084771769760177,7.95458984375,18657.125,2763.2919921875,732.0,32768.0,14110.875,36.0,245.91,68.0,99.0,384.92089457795527,40.575265884399414,20.783491134643555,20.60067653656006,12.446165084838867,20.60067653656006,32.800471782684326,38.12758922576906,5.965156316369167,4.24889036750123,fp32,53,inference,17.0,20172.8515625,48.11511182224441,9.107641041586424,1769257865.5392237,800
8.0,4,48,24,2868.9375,24132.03125,10.6,"[100.0, 22.2, 0.0, 0.0, 22.2, 0.0, 27.3, 0.0, 0.0, 0.0, 0.0, 0.0, 0.0, 0.0, 0.0, 0.0, 0.0, 0.0, 0.0, 0.0, 0.0, 0.0, 0.0, 0.0, 100.0, 0.0, 20.0, 0.0, 20.0, 9.1, 0.0, 0.0, 0.0, 10.0, 0.0, 0.0, 0.0, 0.0, 0.0, 10.0, 0.0, 100.0, 0.0, 0.0, 0.0, 0.0, 0.0, 0.0]",cuda,1.2189063203566795,21.550633500984723,7.95458984375,18671.125,2763.2919921875,732.0,32768.0,14096.875,33.0,239.79,70.0,99.0,393.42560671288896,40.30632972717285,20.33421277999878,20.042777061462402,13.272762298583984,20.042777061462402,30.17855882644653,37.276592254638686,5.0141850609577165,4.24889036750123,fp32,54,inference,16.9,20029.734375,49.17820083911112,8.910760452307631,1769262603.3484962,800
8.0,4,48,24,2876.484375,24135.78515625,11.0,"[100.0, 9.1, 0.0, 0.0, 10.0, 0.0, 0.0, 0.0, 30.0, 0.0, 0.0, 0.0, 20.0, 0.0, 0.0, 0.0, 0.0, 0.0, 0.0, 0.0, 0.0, 0.0, 0.0, 0.0, 100.0, 0.0, 10.0, 9.1, 10.0, 0.0, 11.1, 0.0, 0.0, 0.0, 9.1, 0.0, 0.0, 0.0, 0.0, 100.0, 0.0, 0.0, 0.0, 0.0, 0.0, 0.0, 0.0, 0.0]",cuda,1.2189063203566795,19.925834880881617,7.95458984375,18657.125,2763.2919921875,732.0,32768.0,14110.875,38.0,201.34,69.0,100.0,363.76349107851007,38.738250732421875,21.992311477661133,21.268606185913086,12.459754943847656,21.268606185913086,32.402491569519036,38.11323165893555,5.964318994493473,4.24889036750123,fp32,55,inference,16.6,19763.6484375,45.47043638481376,9.63736445025957,1769267253.0198605,800
8.0,4,48,24,2858.60546875,24134.5,6.0,"[0.0, 0.0, 0.0, 0.0, 0.0, 0.0, 0.0, 0.0, 0.0, 0.0, 0.0, 0.0, 0.0, 0.0, 0.0, 10.0, 0.0, 44.4, 0.0, 0.0, 0.0, 0.0, 0.0, 20.0, 0.0, 0.0, 0.0, 0.0, 0.0, 54.5, 0.0, 0.0, 0.0, 0.0, 0.0, 0.0, 0.0, 0.0, 9.1, 0.0, 18.2, 0.0, 0.0, 0.0, 11.1, 70.0, 0.0, 10.0]",cuda,1.2189063203566795,21.8185564087426,7.95458984375,18671.125,2763.2919921875,732.0,32768.0,14096.875,36.0,217.871,70.0,100.0,398.3167730227846,32.862186431884766,20.084517002105713,19.30713653564453,12.753963470458984,19.30713653564453,29.19543981552124,31.827883720397956,4.586327887788162,4.24889036750123,fp32,56,inference,17.1,20390.33203125,49.78959662784808,8.801339975260875,1769272003.2029262,800
8.0,4,48,24,2838.05078125,24127.30859375,8.3,"[100.0, 0.0, 10.0, 10.0, 10.0, 100.0, 0.0, 9.1, 0.0, 0.0, 0.0, 0.0, 0.0, 10.0, 9.1, 0.0, 0.0, 0.0, 0.0, 9.1, 0.0, 0.0, 0.0, 20.0, 100.0, 0.0, 9.1, 0.0, 30.0, 0.0, 0.0, 0.0, 10.0, 0.0, 0.0, 0.0, 30.0, 10.0, 0.0, 0.0, 0.0, 0.0, 30.0, 20.0, 10.0, 0.0, 0.0, 0.0]",cuda,1.2189063203566795,19.324292116159224,7.95458984375,18657.125,2763.2919921875,732.0,32768.0,14110.875,36.0,194.978,70.0,99.0,352.7818033632119,42.86527633666992,22.67690658569336,20.274877548217773,12.755155563354492,20.274877548217773,37.84538507461548,41.99029684066773,7.239194679984059,4.24889036750123,fp32,57,inference,17.6,20950.89453125,44.09772542040149,9.937364409957896,1769276786.8616693,800
8.0,4,48,24,2845.32421875,24134.1875,3.1,"[0.0, 22.2, 0.0, 0.0, 0.0, 9.1, 0.0, 9.1, 9.1, 0.0, 0.0, 0.0, 0.0, 0.0, 20.0, 0.0, 0.0, 0.0, 0.0, 0.0, 0.0, 0.0, 0.0, 0.0, 0.0, 0.0, 0.0, 9.1, 0.0, 9.1, 0.0, 0.0, 0.0, 0.0, 0.0, 0.0, 9.1, 0.0, 0.0, 0.0, 0.0, 0.0, 0.0, 0.0, 0.0, 0.0, 0.0, 100.0]",cuda,1.2189063203566795,21.236831496951577,7.95458984375,18671.125,2763.2919921875,732.0,32768.0,14096.875,32.0,249.807,69.0,100.0,387.6968774939164,35.330772399902344,20.634677410125732,19.289016723632812,12.926340103149414,19.289016723632812,29.302322864532467,32.558548450469985,4.641341130756962,4.24889036750123,fp32,58,inference,16.6,19740.08203125,48.46210968673955,9.042428610422217,1769281480.6633556,800
8.0,4,48,24,2844.6015625,24131.4296875,11.0,"[100.0, 20.0, 0.0, 0.0, 10.0, 0.0, 10.0, 0.0, 0.0, 27.3, 0.0, 0.0, 33.3, 10.0, 0.0, 0.0, 0.0, 0.0, 0.0, 44.4, 0.0, 0.0, 0.0, 0.0, 100.0, 0.0, 0.0, 0.0, 36.4, 0.0, 0.0, 90.0, 9.1, 0.0, 0.0, 0.0, 0.0, 0.0, 0.0, 0.0, 0.0, 0.0, 0.0, 0.0, 0.0, 0.0, 0.0, 11.1]",cuda,1.2189063203566795,22.101362203624486,7.95458984375,18657.125,2763.2919921875,732.0,32768.0,14110.875,41.0,219.775,69.0,99.0,403.47963941500655,36.3612174987793,19.827518463134766,19.380688667297363,13.285636901855469,19.380688667297363,28.787505626678467,29.473025798797643,4.2124640403500395,4.24889036750123,fp32,59,inference,16.5,19571.421875,50.43495492687582,8.688719317547697,1769286189.088997,800
8.0,4,48,24,2877.3671875,24163.99609375,13.6,"[100.0, 90.0, 0.0, 0.0, 30.0, 0.0, 0.0, 9.1, 0.0, 0.0, 0.0, 0.0, 0.0, 0.0, 0.0, 0.0, 0.0, 0.0, 0.0, 0.0, 0.0, 10.0, 0.0, 0.0, 100.0, 0.0, 0.0, 90.0, 0.0, 100.0, 30.0, 0.0, 0.0, 0.0, 0.0, 100.0, 0.0, 0.0, 0.0, 0.0, 0.0, 0.0, 27.3, 0.0, 0.0, 0.0, 0.0, 0.0]",cuda,1.2189063203566795,22.36860148322964,7.95458984375,18671.125,2763.2919921875,732.0,32768.0,14096.875,37.0,239.496,68.0,100.0,408.35832549685045,40.08984565734863,19.590637683868408,16.940712928771973,12.494802474975586,16.940712928771973,28.94955873489379,36.66286230087282,5.127343572565218,4.24889036750123,fp32,60,inference,16.5,19549.85546875,51.04479068710631,8.584914567266207,1769290852.3753703,800
