round,loss,precision,recall,mAP@0.5,mAP@0.5:0.95
1,0.09960144013166428,0.0,0.0,0.0,0.0
2,0.08632458746433258,0.0,0.0,0.0,0.0
3,0.0766092985868454,0.007833163784333673,0.0007144845504314744,0.004221522603554742,0.0020553294539196127
4,0.07355429977178574,0.007619103222793087,0.0015136401595991463,0.004468830100743811,0.002128390283324914
5,0.06972039490938187,0.009399461839530334,0.0017827317435278836,0.005564661657877063,0.002850665717877684
6,0.06622685492038727,0.05689552812897184,0.0036287623893077165,0.030278283856704606,0.020923573067190025
7,0.0648832768201828,0.049423986421384944,0.008410449162454325,0.028971851811243714,0.016564006281631058
8,0.06331314891576767,0.06860145611898408,0.01261681432825161,0.040816009284384794,0.024584846297335178
9,0.06211364269256592,0.11590771835209093,0.015695623236572996,0.06605858054206493,0.03641765880262569
10,0.061406929045915604,0.18368084354388808,0.022531008115395122,0.10248687998591502,0.06154884622281086
11,0.060805682092905045,0.17324039346066974,0.031049216884301113,0.10038032269345402,0.062418451489956686
12,0.060501519590616226,0.16469464367967082,0.03295059691027013,0.09725039315415598,0.0569205322554112
13,0.06016452610492706,0.21118188674189953,0.037194928579920114,0.12254060928448869,0.06971368136065317
14,0.05919301137328148,0.19409098746797712,0.05000450111843867,0.11990893244238823,0.07239190302676954
15,0.05902431160211563,0.20511745399188275,0.05479603593377428,0.12778493708457478,0.0757323057628577
16,0.058860454708337784,0.23111800419960335,0.06200200278146428,0.1439103655926413,0.08333220968904913
17,0.05849485471844673,0.26737306734083227,0.05831832395766057,0.16120553907949578,0.09938093520920561
18,0.05846024304628372,0.2529486756036329,0.06333987863541242,0.15591817638315902,0.09343898397645396
19,0.05822354182600975,0.27521517360060377,0.06889315320763612,0.16945218286397298,0.10105936847133083
20,0.058007530868053436,0.27901217422178043,0.06882795123739772,0.1720968979608832,0.10361226798906564
21,0.05784647911787033,0.26516381957241764,0.07630557526564374,0.16885473988747973,0.10084346902809238
22,0.0577070377767086,0.2905538548780947,0.07376187408552254,0.18070257460511333,0.10837386765683413
23,0.05757638439536095,0.30515316620361926,0.07836166679197124,0.1906808815048699,0.11425574018203562
24,0.057774003595113754,0.28979995771414424,0.079943741228262,0.1843481016507405,0.11032932634620884
25,0.05749862641096115,0.3457917721022864,0.08591046765352547,0.21469086157386416,0.1330765782480519
26,0.05704185739159584,0.3019010314545426,0.09086334262635425,0.19573524128444317,0.11693378007093272
27,0.05708955600857735,0.35010135374133255,0.08611861976455815,0.21826015405792182,0.1365846520170058
28,0.05725090950727463,0.332679355516016,0.08866144340455254,0.20994944554535425,0.12812785468168478
29,0.057000141590833664,0.37211734463670065,0.09340616194016925,0.23256620992551874,0.1425368233296559
30,0.056875135749578476,0.34750010065214515,0.09668693027430428,0.22253115875971394,0.1350290844413462
31,0.05663154274225235,0.33679591836795053,0.10091276207730422,0.21952303447115407,0.13345282714899048
32,0.056989654898643494,0.3710192472596269,0.09438663880487759,0.2318338646052256,0.14681325893643324
33,0.05658881738781929,0.4107443708581541,0.09768384207542916,0.25342573361685705,0.1579385795739156
34,0.0563470721244812,0.37129650764142114,0.11149276069874285,0.24123135257040515,0.1511316238712058
35,0.056802649050951004,0.39628569587001566,0.10479139967697815,0.2511453512156982,0.15754527243026537
36,0.05655508488416672,0.37266915354069186,0.10847194921660694,0.24111060620581287,0.15155760822036077
37,0.05672492831945419,0.3885580337944302,0.10834028130856004,0.2503168655639465,0.15147534406322544
38,0.0565439872443676,0.3916443274224786,0.10819655376014778,0.2503593613073628,0.1560631848588267
39,0.056303974241018295,0.44696362342919854,0.11249124961296901,0.28076542873243465,0.17470736137877127
40,0.056117963045835495,0.4028312721627447,0.11824811750261559,0.2607916472584312,0.1648254791568003
41,0.0559566393494606,0.44410988964708464,0.11732421622822375,0.2820170578457003,0.1789514488283031
42,0.0558600053191185,0.4102249794263054,0.12731392812735315,0.2700065074888151,0.16522255948408063
43,0.05600317567586899,0.44197308766439286,0.12836300701814585,0.2863209420047322,0.1808290740549359
44,0.055647868663072586,0.4559394567671665,0.1279737686262888,0.2934136534534104,0.1840332439347065
45,0.05521408095955849,0.47500447817090646,0.1364547598140811,0.3065907344651738,0.1928352018026838
46,0.055419862270355225,0.4580913221593342,0.14556636878177026,0.3044483208124192,0.1899607246554379
47,0.055063385516405106,0.4606280275675356,0.14860020472614768,0.30600323408605634,0.19122894581038946
48,0.05507996305823326,0.47500207357791824,0.14838524041315776,0.3131849440447259,0.19409491400660103
49,0.05469745397567749,0.4442002947919046,0.1638886369926364,0.3046864603069837,0.18991745619874245
50,0.05472080036997795,0.4604874734728992,0.16513757957952455,0.3148106284684856,0.19853590116703387
51,0.0545220747590065,0.44246238596391035,0.17210736285866174,0.3103468118884116,0.19314138395283773
52,0.054177284240722656,0.4482156659123498,0.18008734479613409,0.31612435589172083,0.19762046519347848
53,0.054147869348526,0.4576899032036558,0.18677295378428274,0.3257066725179137,0.20395463026396995
54,0.05380767211318016,0.46676550534345795,0.19414442672784368,0.33370447238494355,0.2089583162136323
55,0.05339819937944412,0.46282544875356046,0.20645298652283578,0.33688594878273703,0.2135478537304782
56,0.05334671586751938,0.48414875017891407,0.20615725649773844,0.348478635249493,0.22303511148231495
57,0.0530521534383297,0.46896437521513035,0.21815956574680948,0.34703579430519554,0.22025502987108975
58,0.05278953164815903,0.4789638189966601,0.22137777714233203,0.3537068563898396,0.22607469076437506
59,0.05255058407783508,0.4785364291887159,0.22842458864982335,0.3576045035858325,0.23037865629261986
60,0.05281505733728409,0.47662887653157265,0.22755072168913298,0.3566657314994468,0.22906772236145495
