avg_loss,batch_size,best_loss,client_id,cpu_count_logical,cpu_count_physical,cpu_memory_rss_mb,cpu_memory_vms_mb,cpu_percent,cpu_percent_per_core,device,epochs_completed,gpu_memory_allocated_mb,gpu_memory_free_mb,gpu_memory_peak_mb,gpu_memory_reserved_mb,gpu_memory_total_mb,gpu_memory_used_mb,gpu_memory_utilization_percent,gpu_power_draw_watts,gpu_temperature_celsius,gpu_utilization_percent,learning_rate,precision,round,stage,system_memory_percent,system_memory_used_mb,timestamp,training_time_seconds
3.3589342622943286,16,3.2201127385584964,4,48,24,1658.05859375,15450.859375,5.4,"[0.0, 0.0, 0.0, 0.0, 0.0, 0.0, 0.0, 0.0, 0.0, 0.0, 0.0, 0.0, 0.0, 0.0, 0.0, 0.0, 0.0, 0.0, 0.0, 0.0, 0.0, 0.0, 0.0, 0.0, 0.0, 0.0, 0.0, 0.0, 0.0, 0.0, 0.0, 0.0, 0.0, 9.1, 0.0, 0.0, 0.0, 0.0, 0.0, 0.0, 0.0, 0.0, 0.0, 0.0, 0.0, 0.0, 0.0, 0.0]",cuda,4,124.9365234375,29627.125,2763.2919921875,192.0,32768.0,3140.875,16.0,47.182,45.0,42.0,0.0012,fp32,1,training,9.3,10736.34375,1769030157.9746602,4038.054914712906
3.1708746487357473,16,3.1056160448287775,4,48,24,1944.5859375,18832.74609375,4.6,"[100.0, 18.2, 0.0, 0.0, 45.5, 0.0, 16.7, 0.0, 0.0, 0.0, 0.0, 0.0, 0.0, 0.0, 0.0, 0.0, 0.0, 0.0, 0.0, 0.0, 0.0, 0.0, 0.0, 0.0, 100.0, 0.0, 0.0, 0.0, 40.0, 0.0, 0.0, 0.0, 0.0, 0.0, 0.0, 0.0, 0.0, 0.0, 0.0, 0.0, 0.0, 0.0, 0.0, 0.0, 0.0, 0.0, 0.0, 0.0]",cuda,4,117.4892578125,23589.125,2763.2919921875,158.0,32768.0,9178.875,24.0,47.062,45.0,64.0,0.0014,fp32,2,training,10.8,12581.23046875,1769034279.0352273,3986.087518930435
3.056236420283309,16,3.0306868299074323,4,48,24,2169.2421875,24145.9765625,5.8,"[70.0, 55.6, 0.0, 50.0, 0.0, 0.0, 0.0, 9.1, 0.0, 0.0, 0.0, 0.0, 0.0, 0.0, 0.0, 0.0, 0.0, 10.0, 0.0, 0.0, 9.1, 0.0, 0.0, 0.0, 100.0, 0.0, 0.0, 0.0, 22.2, 0.0, 9.1, 0.0, 0.0, 0.0, 0.0, 30.0, 0.0, 0.0, 0.0, 0.0, 0.0, 0.0, 0.0, 0.0, 0.0, 0.0, 0.0, 0.0]",cuda,4,117.490234375,26645.125,2763.2919921875,158.0,32768.0,6122.875,23.0,47.918,45.0,73.0,0.0016,fp32,3,training,11.5,13573.171875,1769038403.6846542,3979.7720832824707
2.9953539491123244,16,2.9750721706590264,4,48,24,2276.79296875,24146.86328125,5.8,"[100.0, 66.7, 0.0, 0.0, 27.3, 0.0, 0.0, 0.0, 0.0, 0.0, 0.0, 0.0, 0.0, 30.0, 0.0, 0.0, 0.0, 0.0, 0.0, 0.0, 0.0, 9.1, 0.0, 0.0, 100.0, 0.0, 0.0, 9.1, 0.0, 0.0, 0.0, 9.1, 0.0, 10.0, 0.0, 0.0, 0.0, 0.0, 0.0, 0.0, 0.0, 0.0, 0.0, 0.0, 0.0, 0.0, 0.0, 0.0]",cuda,4,117.48828125,20471.125,2763.2919921875,158.0,32768.0,12296.875,7.0,47.645,45.0,18.0,0.0018000000000000002,fp32,4,training,11.9,13950.9609375,1769042549.25423,4007.2696630954742
2.9464115998037754,16,2.9094905186292332,4,48,24,2289.41015625,24134.2265625,4.6,"[100.0, 22.2, 50.0, 0.0, 0.0, 0.0, 0.0, 0.0, 10.0, 0.0, 0.0, 0.0, 0.0, 0.0, 0.0, 0.0, 0.0, 0.0, 0.0, 0.0, 0.0, 0.0, 0.0, 0.0, 63.6, 0.0, 0.0, 0.0, 36.4, 0.0, 0.0, 0.0, 0.0, 0.0, 0.0, 0.0, 0.0, 0.0, 0.0, 9.1, 0.0, 0.0, 0.0, 0.0, 0.0, 0.0, 0.0, 0.0]",cuda,4,117.48876953125,26645.125,2763.2919921875,158.0,32768.0,6122.875,19.0,47.353,45.0,55.0,0.01,fp32,5,training,11.3,13326.4609375,1769046703.0713468,4011.738165140152
2.8548211345770005,16,2.8345648202760607,4,48,24,2325.82421875,24149.96875,10.4,"[100.0, 0.0, 0.0, 20.0, 0.0, 0.0, 18.2, 0.0, 0.0, 0.0, 0.0, 0.0, 0.0, 0.0, 0.0, 9.1, 0.0, 0.0, 0.0, 0.0, 0.0, 0.0, 0.0, 11.1, 100.0, 0.0, 0.0, 0.0, 33.3, 0.0, 0.0, 10.0, 0.0, 0.0, 0.0, 0.0, 0.0, 0.0, 0.0, 0.0, 0.0, 0.0, 0.0, 0.0, 0.0, 10.0, 0.0, 0.0]",cuda,4,117.490234375,17353.125,2763.2919921875,158.0,32768.0,15414.875,17.0,49.969,45.0,53.0,0.01,fp32,6,training,12.2,14296.890625,1769050836.2511384,3996.28525018692
2.792941631845217,16,2.774372058693935,4,48,24,2392.56640625,24140.21875,6.2,"[100.0, 9.1, 0.0, 0.0, 0.0, 9.1, 0.0, 0.0, 0.0, 0.0, 0.0, 0.0, 0.0, 0.0, 0.0, 0.0, 0.0, 0.0, 0.0, 18.2, 0.0, 0.0, 0.0, 0.0, 100.0, 0.0, 0.0, 0.0, 20.0, 0.0, 0.0, 0.0, 0.0, 0.0, 0.0, 0.0, 0.0, 0.0, 0.0, 0.0, 0.0, 0.0, 0.0, 0.0, 0.0, 0.0, 0.0, 0.0]",cuda,4,117.48876953125,20471.125,2763.2919921875,158.0,32768.0,12296.875,22.0,47.839,46.0,72.0,0.01,fp32,7,training,12.0,14119.53515625,1769054977.3112426,3989.3919653892517
2.744073466869273,16,2.7197423468262856,4,48,24,2426.41796875,24140.21875,6.0,"[100.0, 0.0, 0.0, 0.0, 0.0, 0.0, 0.0, 10.0, 0.0, 0.0, 0.0, 0.0, 0.0, 10.0, 0.0, 0.0, 0.0, 0.0, 0.0, 0.0, 0.0, 0.0, 0.0, 0.0, 100.0, 0.0, 0.0, 0.0, 0.0, 0.0, 0.0, 0.0, 0.0, 0.0, 0.0, 0.0, 0.0, 0.0, 0.0, 0.0, 0.0, 0.0, 0.0, 0.0, 0.0, 0.0, 0.0, 0.0]",cuda,4,117.490234375,20471.125,2763.2919921875,158.0,32768.0,12296.875,29.0,47.158,45.0,65.0,0.01,fp32,8,training,12.3,14442.87109375,1769059115.3166268,3990.8018238544464
2.7081128777026287,16,2.68839880670578,4,48,24,2462.76171875,24140.21875,4.4,"[100.0, 0.0, 0.0, 0.0, 0.0, 0.0, 0.0, 0.0, 0.0, 0.0, 0.0, 0.0, 0.0, 0.0, 0.0, 0.0, 0.0, 0.0, 0.0, 0.0, 0.0, 0.0, 0.0, 0.0, 100.0, 0.0, 0.0, 0.0, 0.0, 0.0, 0.0, 0.0, 0.0, 0.0, 0.0, 0.0, 0.0, 0.0, 0.0, 0.0, 0.0, 0.0, 0.0, 0.0, 0.0, 0.0, 0.0, 0.0]",cuda,4,117.4892578125,20471.125,2763.2919921875,158.0,32768.0,12296.875,23.0,47.062,45.0,69.0,0.01,fp32,9,training,12.4,14634.06640625,1769063247.5484176,3983.397266626358
2.6876235325848863,16,2.6631841919985377,4,48,24,2503.72265625,24140.21875,4.8,"[100.0, 0.0, 0.0, 0.0, 0.0, 0.0, 0.0, 0.0, 0.0, 0.0, 0.0, 0.0, 0.0, 0.0, 0.0, 0.0, 0.0, 0.0, 0.0, 0.0, 0.0, 9.1, 0.0, 0.0, 100.0, 0.0, 0.0, 0.0, 0.0, 0.0, 0.0, 9.1, 0.0, 0.0, 0.0, 0.0, 0.0, 9.1, 0.0, 0.0, 0.0, 0.0, 0.0, 0.0, 0.0, 0.0, 0.0, 0.0]",cuda,4,117.48876953125,26645.125,2763.2919921875,158.0,32768.0,6122.875,35.0,129.015,46.0,90.0,0.01,fp32,10,training,12.1,14338.69921875,1769067389.4761915,3990.8755741119385
2.648992183576892,16,2.641271121548505,4,48,24,2539.6328125,24141.21875,6.9,"[100.0, 9.1, 0.0, 0.0, 0.0, 0.0, 0.0, 9.1, 0.0, 0.0, 0.0, 0.0, 0.0, 0.0, 0.0, 0.0, 0.0, 0.0, 0.0, 0.0, 0.0, 9.1, 0.0, 9.1, 100.0, 0.0, 0.0, 0.0, 0.0, 0.0, 0.0, 0.0, 0.0, 0.0, 0.0, 0.0, 0.0, 0.0, 0.0, 0.0, 0.0, 0.0, 0.0, 0.0, 0.0, 0.0, 0.0, 0.0]",cuda,4,117.4892578125,20471.125,2763.2919921875,158.0,32768.0,12296.875,14.0,49.581,45.0,35.0,0.01,fp32,11,training,12.7,14973.9609375,1769071519.9958386,3990.923412322998
2.6385787112992354,16,2.629301450392281,4,48,24,2545.6953125,24143.96875,4.8,"[100.0, 45.5, 0.0, 0.0, 0.0, 0.0, 0.0, 9.1, 0.0, 0.0, 0.0, 0.0, 0.0, 0.0, 0.0, 0.0, 0.0, 0.0, 0.0, 22.2, 0.0, 0.0, 0.0, 0.0, 100.0, 0.0, 0.0, 0.0, 22.2, 0.0, 10.0, 10.0, 0.0, 0.0, 0.0, 0.0, 0.0, 0.0, 0.0, 0.0, 0.0, 0.0, 0.0, 0.0, 9.1, 0.0, 0.0, 0.0]",cuda,4,117.48876953125,20471.125,2763.2919921875,158.0,32768.0,12296.875,31.0,47.547,45.0,86.0,0.01,fp32,12,training,13.3,15786.265625,1769075662.0408337,4000.389651298523
2.6147405780970945,16,2.6004916268597698,4,48,24,2566.796875,24207.96875,5.0,"[100.0, 0.0, 0.0, 0.0, 18.2, 0.0, 10.0, 9.1, 9.1, 0.0, 0.0, 10.0, 0.0, 11.1, 0.0, 0.0, 0.0, 9.1, 0.0, 0.0, 0.0, 9.1, 9.1, 0.0, 70.0, 0.0, 0.0, 0.0, 33.3, 0.0, 0.0, 0.0, 0.0, 0.0, 0.0, 0.0, 0.0, 0.0, 0.0, 9.1, 0.0, 0.0, 0.0, 0.0, 0.0, 0.0, 9.1, 0.0]",cuda,4,117.48876953125,26645.125,2763.2919921875,158.0,32768.0,6122.875,20.0,46.964,45.0,55.0,0.01,fp32,13,training,13.0,15516.6640625,1769079814.8627715,4010.9013822078705
2.5989574733360623,16,2.594804359159927,4,48,24,2555.6953125,24143.96875,6.7,"[100.0, 66.7, 0.0, 0.0, 22.2, 0.0, 0.0, 0.0, 0.0, 0.0, 0.0, 10.0, 0.0, 0.0, 0.0, 0.0, 0.0, 0.0, 0.0, 0.0, 0.0, 0.0, 0.0, 0.0, 100.0, 0.0, 0.0, 0.0, 20.0, 10.0, 9.1, 0.0, 0.0, 0.0, 0.0, 0.0, 0.0, 0.0, 0.0, 0.0, 0.0, 30.0, 0.0, 0.0, 0.0, 9.1, 0.0, 16.7]",cuda,4,117.48876953125,23527.125,2763.2919921875,158.0,32768.0,9240.875,7.0,46.575,44.0,23.0,0.01,fp32,14,training,13.4,15944.53515625,1769083954.7209852,3999.450727701187
2.5911933403349683,16,2.5773537491396943,4,48,24,2561.4609375,24143.96875,8.1,"[70.0, 58.3, 0.0, 30.0, 0.0, 27.3, 0.0, 0.0, 0.0, 0.0, 0.0, 0.0, 0.0, 0.0, 0.0, 0.0, 9.1, 66.7, 0.0, 9.1, 0.0, 0.0, 0.0, 0.0, 100.0, 0.0, 0.0, 9.1, 30.0, 60.0, 0.0, 0.0, 0.0, 0.0, 0.0, 0.0, 0.0, 0.0, 0.0, 0.0, 0.0, 0.0, 0.0, 0.0, 10.0, 0.0, 0.0, 0.0]",cuda,4,117.48974609375,23527.125,2763.2919921875,158.0,32768.0,9240.875,11.0,59.05,44.0,36.0,0.01,fp32,15,training,13.5,16024.97265625,1769088095.7734754,3997.9192926883698
2.572720087389751,16,2.5629750627819217,4,48,24,2565.0078125,24144.97265625,0.8,"[0.0, 54.5, 0.0, 0.0, 0.0, 0.0, 0.0, 0.0, 0.0, 20.0, 0.0, 9.1, 0.0, 0.0, 0.0, 0.0, 0.0, 0.0, 0.0, 0.0, 0.0, 0.0, 0.0, 18.2, 0.0, 0.0, 0.0, 44.4, 0.0, 0.0, 0.0, 0.0, 0.0, 0.0, 0.0, 0.0, 0.0, 0.0, 0.0, 0.0, 0.0, 0.0, 0.0, 0.0, 0.0, 0.0, 0.0, 9.1]",cuda,4,117.49072265625,29763.125,2763.2919921875,158.0,32768.0,3004.875,16.0,47.531,45.0,56.0,0.01,fp32,16,training,13.2,15681.0,1769092228.20845,3990.6759674549103
2.560345804606619,16,2.556877019985531,4,48,24,2565.26953125,24144.96875,0.6,"[0.0, 0.0, 0.0, 0.0, 0.0, 0.0, 0.0, 0.0, 0.0, 0.0, 0.0, 0.0, 0.0, 0.0, 0.0, 9.1, 0.0, 0.0, 0.0, 0.0, 0.0, 0.0, 0.0, 0.0, 0.0, 0.0, 0.0, 9.1, 0.0, 0.0, 0.0, 0.0, 0.0, 0.0, 0.0, 0.0, 0.0, 0.0, 0.0, 0.0, 0.0, 0.0, 0.0, 0.0, 0.0, 0.0, 0.0, 0.0]",cuda,4,117.48876953125,29763.125,2763.2919921875,158.0,32768.0,3004.875,22.0,46.688,44.0,60.0,0.01,fp32,17,training,12.4,14779.359375,1769096359.3977802,3991.9224112033844
2.551792386634735,16,2.538228411445821,4,48,24,2565.80078125,24144.96875,7.1,"[100.0, 30.0, 0.0, 0.0, 0.0, 0.0, 0.0, 0.0, 0.0, 0.0, 0.0, 0.0, 0.0, 0.0, 0.0, 0.0, 0.0, 0.0, 0.0, 0.0, 0.0, 0.0, 0.0, 0.0, 100.0, 9.1, 0.0, 0.0, 0.0, 0.0, 0.0, 0.0, 0.0, 0.0, 0.0, 0.0, 0.0, 0.0, 0.0, 0.0, 0.0, 0.0, 0.0, 0.0, 0.0, 0.0, 0.0, 0.0]",cuda,4,117.4892578125,20471.125,2763.2919921875,158.0,32768.0,12296.875,34.0,73.155,45.0,97.0,0.01,fp32,18,training,13.1,15502.71484375,1769100499.7181647,4000.127115249634
2.5427227745471166,16,2.532995281168665,4,48,24,2572.5390625,24144.97265625,5.6,"[100.0, 45.5, 0.0, 0.0, 0.0, 0.0, 0.0, 0.0, 0.0, 0.0, 0.0, 0.0, 0.0, 0.0, 0.0, 0.0, 0.0, 0.0, 0.0, 0.0, 0.0, 0.0, 0.0, 0.0, 100.0, 10.0, 0.0, 0.0, 0.0, 0.0, 0.0, 0.0, 0.0, 0.0, 0.0, 0.0, 0.0, 0.0, 0.0, 0.0, 0.0, 0.0, 0.0, 0.0, 0.0, 0.0, 0.0, 0.0]",cuda,4,117.4921875,26645.125,2763.2919921875,158.0,32768.0,6122.875,28.0,57.184,46.0,76.0,0.01,fp32,19,training,13.3,15846.15234375,1769104644.3388116,3997.400587081909
2.5368221112614626,16,2.5252935844035176,4,48,24,2594.83984375,24208.96875,8.8,"[100.0, 0.0, 0.0, 44.4, 0.0, 0.0, 0.0, 0.0, 0.0, 0.0, 0.0, 0.0, 0.0, 0.0, 0.0, 0.0, 0.0, 0.0, 0.0, 0.0, 0.0, 0.0, 0.0, 0.0, 100.0, 20.0, 0.0, 0.0, 0.0, 20.0, 0.0, 0.0, 0.0, 0.0, 0.0, 0.0, 0.0, 40.0, 0.0, 0.0, 0.0, 0.0, 9.1, 20.0, 0.0, 16.7, 0.0, 0.0]",cuda,4,117.48876953125,23527.125,2763.2919921875,158.0,32768.0,9240.875,17.0,86.382,45.0,44.0,0.01,fp32,20,training,13.6,16170.515625,1769108796.6237104,4007.127164363861
2.5292386008198267,16,2.5265504721002934,4,48,24,2606.921875,24144.96875,6.9,"[100.0, 0.0, 0.0, 0.0, 0.0, 0.0, 0.0, 0.0, 0.0, 0.0, 0.0, 0.0, 0.0, 0.0, 0.0, 9.1, 0.0, 0.0, 0.0, 0.0, 0.0, 9.1, 0.0, 9.1, 100.0, 0.0, 0.0, 0.0, 0.0, 0.0, 0.0, 0.0, 0.0, 0.0, 0.0, 0.0, 0.0, 0.0, 0.0, 0.0, 0.0, 0.0, 0.0, 0.0, 0.0, 0.0, 0.0, 0.0]",cuda,4,117.4892578125,20471.125,2763.2919921875,158.0,32768.0,12296.875,28.0,116.312,45.0,74.0,0.01,fp32,21,training,13.8,16435.8984375,1769112946.4010513,4009.3776445388794
2.520261165197959,16,2.506865812237267,4,48,24,2641.6484375,24144.96875,4.4,"[100.0, 9.1, 0.0, 0.0, 9.1, 0.0, 0.0, 0.0, 0.0, 45.5, 0.0, 0.0, 0.0, 0.0, 0.0, 0.0, 0.0, 0.0, 0.0, 0.0, 0.0, 0.0, 0.0, 0.0, 100.0, 0.0, 0.0, 0.0, 0.0, 0.0, 0.0, 0.0, 0.0, 0.0, 0.0, 0.0, 0.0, 0.0, 0.0, 0.0, 0.0, 0.0, 0.0, 0.0, 0.0, 0.0, 0.0, 0.0]",cuda,4,117.490234375,26645.125,2763.2919921875,158.0,32768.0,6122.875,28.0,57.32,45.0,74.0,0.01,fp32,22,training,13.5,16145.31640625,1769117100.14297,4007.1252295970917
2.51449332424633,16,2.5113659254399328,4,48,24,2672.59375,24144.96875,6.5,"[100.0, 100.0, 0.0, 0.0, 0.0, 9.1, 0.0, 0.0, 0.0, 100.0, 0.0, 0.0, 0.0, 0.0, 0.0, 9.1, 0.0, 0.0, 0.0, 0.0, 0.0, 0.0, 0.0, 0.0, 100.0, 0.0, 0.0, 0.0, 0.0, 0.0, 0.0, 0.0, 0.0, 0.0, 0.0, 90.9, 0.0, 0.0, 0.0, 0.0, 0.0, 0.0, 0.0, 0.0, 0.0, 0.0, 0.0, 0.0]",cuda,4,117.48974609375,18345.125,2763.2919921875,158.0,32768.0,14422.875,35.0,191.934,65.0,99.0,0.01,fp32,23,training,15.0,17694.37890625,1769121242.5628214,4002.026935338974
2.5174625294670117,16,2.5092283209941315,4,48,24,2701.91015625,24144.96875,11.0,"[100.0, 0.0, 0.0, 10.0, 0.0, 45.5, 0.0, 0.0, 0.0, 0.0, 0.0, 0.0, 0.0, 0.0, 0.0, 0.0, 0.0, 0.0, 0.0, 9.1, 0.0, 40.0, 0.0, 0.0, 100.0, 0.0, 0.0, 0.0, 0.0, 0.0, 0.0, 0.0, 0.0, 0.0, 0.0, 0.0, 0.0, 0.0, 0.0, 20.0, 10.0, 60.0, 0.0, 0.0, 0.0, 0.0, 0.0, 0.0]",cuda,4,117.4892578125,12171.125,2763.2919921875,158.0,32768.0,20596.875,35.0,223.371,66.0,100.0,0.01,fp32,24,training,14.5,16933.1171875,1769125706.7324677,4001.8564867973328
2.5064617872873374,16,2.49921425938818,4,48,24,2734.01953125,24135.96875,8.0,"[100.0, 20.0, 0.0, 0.0, 0.0, 0.0, 80.0, 0.0, 0.0, 0.0, 0.0, 0.0, 0.0, 0.0, 0.0, 0.0, 0.0, 0.0, 0.0, 0.0, 0.0, 0.0, 0.0, 100.0, 90.0, 0.0, 0.0, 18.2, 0.0, 0.0, 0.0, 0.0, 0.0, 0.0, 0.0, 10.0, 0.0, 0.0, 0.0, 0.0, 0.0, 0.0, 0.0, 0.0, 0.0, 0.0, 0.0, 0.0]",cuda,4,117.4892578125,18345.125,2763.2919921875,158.0,32768.0,14422.875,35.0,187.706,65.0,100.0,0.01,fp32,25,training,14.6,17184.6328125,1769130207.0031788,4015.44456410408
2.5039752189261875,16,2.4881277903782113,4,48,24,2736.78515625,24136.96875,8.9,"[100.0, 81.8, 0.0, 0.0, 0.0, 0.0, 0.0, 0.0, 0.0, 0.0, 0.0, 0.0, 0.0, 0.0, 0.0, 0.0, 0.0, 0.0, 0.0, 100.0, 0.0, 0.0, 0.0, 0.0, 100.0, 0.0, 0.0, 18.2, 0.0, 30.0, 0.0, 0.0, 0.0, 0.0, 0.0, 0.0, 0.0, 0.0, 0.0, 0.0, 0.0, 0.0, 0.0, 0.0, 0.0, 0.0, 0.0, 0.0]",cuda,4,117.48828125,15227.125,2763.2919921875,158.0,32768.0,17540.875,32.0,198.295,65.0,100.0,0.01,fp32,26,training,14.7,17202.30859375,1769134689.5558233,4000.3913130760193
2.4996185094171053,16,2.4840186008551615,4,48,24,2766.59765625,24136.96875,9.0,"[100.0, 50.0, 0.0, 0.0, 36.4, 0.0, 0.0, 9.1, 0.0, 0.0, 0.0, 20.0, 0.0, 9.1, 0.0, 0.0, 0.0, 0.0, 9.1, 30.0, 0.0, 9.1, 0.0, 80.0, 100.0, 0.0, 0.0, 0.0, 0.0, 0.0, 20.0, 0.0, 0.0, 0.0, 0.0, 0.0, 0.0, 27.3, 0.0, 0.0, 0.0, 0.0, 0.0, 0.0, 0.0, 10.0, 0.0, 0.0]",cuda,4,117.48828125,15289.125,2763.2919921875,158.0,32768.0,17478.875,37.0,162.741,64.0,99.0,0.01,fp32,27,training,14.8,17418.94921875,1769139194.2283492,4016.5173845291138
2.4928101021167866,16,2.485827206083132,4,48,24,2795.63671875,24136.96875,8.7,"[100.0, 72.7, 0.0, 0.0, 0.0, 9.1, 0.0, 0.0, 9.1, 0.0, 0.0, 0.0, 0.0, 0.0, 0.0, 20.0, 0.0, 0.0, 0.0, 0.0, 0.0, 0.0, 0.0, 0.0, 100.0, 0.0, 0.0, 0.0, 0.0, 0.0, 0.0, 0.0, 0.0, 0.0, 0.0, 0.0, 0.0, 0.0, 0.0, 0.0, 0.0, 9.1, 0.0, 100.0, 0.0, 0.0, 0.0, 0.0]",cuda,4,117.48974609375,18345.125,2763.2919921875,158.0,32768.0,14422.875,34.0,175.51,65.0,99.0,0.01,fp32,28,training,14.3,16728.94921875,1769143702.3564103,4018.5865008831024
2.489649980836821,16,2.475460350195849,4,48,24,2796.08984375,24136.96875,11.6,"[100.0, 72.7, 0.0, 72.7, 18.2, 0.0, 18.2, 100.0, 0.0, 0.0, 0.0, 0.0, 0.0, 0.0, 0.0, 0.0, 0.0, 0.0, 0.0, 0.0, 0.0, 10.0, 0.0, 0.0, 100.0, 0.0, 0.0, 0.0, 0.0, 22.2, 0.0, 0.0, 0.0, 100.0, 0.0, 0.0, 0.0, 0.0, 0.0, 0.0, 0.0, 0.0, 0.0, 0.0, 0.0, 0.0, 0.0, 0.0]",cuda,4,117.48876953125,12171.125,2763.2919921875,158.0,32768.0,20596.875,32.0,239.44,66.0,99.0,0.01,fp32,29,training,15.2,17789.90234375,1769148197.316833,4013.616221666336
2.48660958326731,16,2.471441221914749,4,48,24,2803.06640625,24136.96875,8.3,"[100.0, 0.0, 0.0, 100.0, 0.0, 0.0, 0.0, 0.0, 0.0, 100.0, 0.0, 0.0, 0.0, 9.1, 0.0, 0.0, 0.0, 0.0, 0.0, 0.0, 0.0, 0.0, 0.0, 0.0, 100.0, 0.0, 0.0, 0.0, 0.0, 0.0, 0.0, 0.0, 0.0, 0.0, 0.0, 0.0, 0.0, 0.0, 0.0, 0.0, 0.0, 0.0, 0.0, 0.0, 0.0, 9.1, 0.0, 0.0]",cuda,4,117.4892578125,12171.125,2763.2919921875,158.0,32768.0,20596.875,32.0,203.482,66.0,99.0,0.01,fp32,30,training,15.3,17968.171875,1769152721.5915666,4022.9334437847137
2.4866814091933978,16,2.4729065037535944,4,48,24,2802.4140625,24104.96875,8.7,"[100.0, 90.9, 0.0, 0.0, 0.0, 0.0, 0.0, 0.0, 0.0, 0.0, 0.0, 0.0, 0.0, 100.0, 0.0, 0.0, 0.0, 0.0, 0.0, 0.0, 0.0, 0.0, 0.0, 0.0, 100.0, 0.0, 0.0, 9.1, 0.0, 0.0, 0.0, 0.0, 0.0, 10.0, 0.0, 0.0, 0.0, 0.0, 0.0, 0.0, 0.0, 0.0, 0.0, 0.0, 0.0, 0.0, 0.0, 10.0]",cuda,4,117.490234375,12171.125,2763.2919921875,158.0,32768.0,20596.875,30.0,188.566,66.0,100.0,0.01,fp32,31,training,14.9,17508.19921875,1769157234.4656663,4006.6540443897247
2.4784069988697928,16,2.4643499171543293,4,48,24,2814.75,24113.96875,8.5,"[100.0, 60.0, 0.0, 0.0, 0.0, 0.0, 0.0, 0.0, 0.0, 0.0, 0.0, 0.0, 0.0, 0.0, 0.0, 0.0, 0.0, 0.0, 0.0, 30.0, 0.0, 0.0, 0.0, 0.0, 100.0, 0.0, 0.0, 0.0, 0.0, 0.0, 0.0, 0.0, 0.0, 0.0, 0.0, 0.0, 0.0, 0.0, 0.0, 0.0, 0.0, 0.0, 0.0, 0.0, 0.0, 0.0, 0.0, 0.0]",cuda,4,117.48974609375,20469.125,2763.2919921875,158.0,32768.0,12298.875,32.0,48.423,49.0,93.0,0.01,fp32,32,training,14.3,17070.39453125,1769161750.970239,4008.5297496318817
2.478241453109372,16,2.4721898149639423,4,48,24,2810.328125,24113.96875,10.9,"[100.0, 80.0, 0.0, 0.0, 0.0, 0.0, 0.0, 0.0, 0.0, 0.0, 0.0, 9.1, 0.0, 0.0, 0.0, 0.0, 0.0, 0.0, 0.0, 9.1, 0.0, 100.0, 0.0, 0.0, 100.0, 0.0, 0.0, 0.0, 0.0, 0.0, 10.0, 0.0, 0.0, 0.0, 0.0, 9.1, 0.0, 0.0, 0.0, 100.0, 0.0, 0.0, 0.0, 0.0, 0.0, 0.0, 0.0, 9.1]",cuda,4,117.490234375,15227.125,2763.2919921875,158.0,32768.0,17540.875,33.0,251.332,67.0,100.0,0.01,fp32,33,training,15.3,17999.08203125,1769165937.0129147,4026.633284330368
2.478508156845032,16,2.4580334979729797,4,48,24,2816.99609375,24113.96875,8.0,"[33.3, 16.7, 0.0, 0.0, 0.0, 0.0, 10.0, 100.0, 0.0, 45.5, 0.0, 0.0, 80.0, 9.1, 0.0, 18.2, 0.0, 18.2, 0.0, 0.0, 0.0, 0.0, 0.0, 10.0, 0.0, 0.0, 9.1, 9.1, 10.0, 9.1, 30.0, 0.0, 10.0, 0.0, 9.1, 80.0, 9.1, 0.0, 0.0, 0.0, 0.0, 0.0, 0.0, 0.0, 0.0, 0.0, 20.0, 0.0]",cuda,4,117.490234375,18345.125,2763.2919921875,158.0,32768.0,14422.875,31.0,157.175,65.0,99.0,0.01,fp32,34,training,16.2,19183.03125,1769170467.8763673,4038.3917598724365
2.473617707910165,16,2.4579211935056886,4,48,24,2814.78125,24114.97265625,8.3,"[100.0, 0.0, 18.2, 0.0, 30.0, 0.0, 9.1, 0.0, 0.0, 0.0, 0.0, 0.0, 0.0, 0.0, 0.0, 33.3, 0.0, 0.0, 9.1, 0.0, 0.0, 0.0, 0.0, 0.0, 100.0, 0.0, 0.0, 0.0, 0.0, 0.0, 0.0, 0.0, 0.0, 100.0, 0.0, 9.1, 0.0, 0.0, 0.0, 0.0, 0.0, 0.0, 0.0, 0.0, 0.0, 10.0, 30.0, 0.0]",cuda,4,117.49072265625,12171.125,2763.2919921875,158.0,32768.0,20596.875,33.0,225.327,67.0,99.0,0.01,fp32,35,training,16.9,20053.7578125,1769175013.5912,4030.0582246780396
2.4707448039978055,16,2.460286314491692,4,48,24,2815.9375,24114.96875,11.4,"[100.0, 80.0, 0.0, 0.0, 0.0, 0.0, 0.0, 0.0, 0.0, 0.0, 0.0, 0.0, 0.0, 9.1, 0.0, 0.0, 0.0, 0.0, 0.0, 0.0, 0.0, 22.2, 0.0, 0.0, 100.0, 27.3, 0.0, 0.0, 0.0, 18.2, 0.0, 10.0, 0.0, 0.0, 0.0, 0.0, 0.0, 0.0, 0.0, 100.0, 0.0, 0.0, 0.0, 0.0, 0.0, 0.0, 0.0, 0.0]",cuda,4,117.4892578125,9053.125,2763.2919921875,158.0,32768.0,23714.875,36.0,252.529,65.0,99.0,0.01,fp32,36,training,16.1,18960.34765625,1769179554.2573693,4029.2710316181183
2.4715472656710746,16,2.45595635084657,4,48,24,2820.03125,24115.96875,10.6,"[100.0, 41.7, 0.0, 0.0, 9.1, 0.0, 10.0, 0.0, 0.0, 9.1, 0.0, 0.0, 0.0, 0.0, 0.0, 9.1, 0.0, 0.0, 0.0, 20.0, 0.0, 0.0, 0.0, 0.0, 100.0, 0.0, 0.0, 10.0, 41.7, 10.0, 18.2, 18.2, 0.0, 36.4, 0.0, 0.0, 0.0, 70.0, 9.1, 0.0, 9.1, 0.0, 0.0, 9.1, 0.0, 0.0, 0.0, 100.0]",cuda,4,117.48779296875,9053.125,2763.2919921875,158.0,32768.0,23714.875,33.0,177.607,65.0,99.0,0.01,fp32,37,training,16.0,18858.828125,1769184076.8633206,4007.8409926891327
2.4597763848452967,16,2.4530374917001536,4,48,24,2820.4140625,24116.96875,13.6,"[100.0, 100.0, 10.0, 0.0, 0.0, 100.0, 0.0, 0.0, 0.0, 0.0, 0.0, 0.0, 0.0, 0.0, 0.0, 0.0, 0.0, 0.0, 0.0, 0.0, 0.0, 0.0, 0.0, 0.0, 100.0, 0.0, 0.0, 0.0, 0.0, 0.0, 0.0, 0.0, 0.0, 100.0, 0.0, 100.0, 0.0, 0.0, 0.0, 0.0, 0.0, 0.0, 0.0, 0.0, 0.0, 0.0, 0.0, 0.0]",cuda,4,117.48974609375,9053.125,2763.2919921875,158.0,32768.0,23714.875,43.0,202.571,66.0,100.0,0.01,fp32,38,training,15.9,18689.6875,1769188610.9855027,4006.862284898758
2.4610046344688477,16,2.4473708944252923,4,48,24,2761.92578125,24117.97265625,9.8,"[100.0, 100.0, 0.0, 0.0, 0.0, 90.0, 0.0, 9.1, 0.0, 0.0, 0.0, 72.7, 0.0, 0.0, 0.0, 0.0, 0.0, 0.0, 0.0, 0.0, 0.0, 0.0, 0.0, 0.0, 100.0, 0.0, 0.0, 0.0, 0.0, 0.0, 0.0, 0.0, 0.0, 0.0, 0.0, 0.0, 0.0, 100.0, 0.0, 0.0, 0.0, 0.0, 0.0, 0.0, 0.0, 0.0, 0.0, 0.0]",cuda,4,117.49072265625,9053.125,2763.2919921875,158.0,32768.0,23714.875,33.0,223.504,65.0,99.0,0.01,fp32,39,training,15.5,18221.578125,1769193164.0798788,4028.7360334396362
2.4720056146436225,16,2.459756832351481,4,48,24,2788.953125,24144.71875,9.1,"[100.0, 66.7, 0.0, 0.0, 60.0, 0.0, 45.5, 0.0, 0.0, 0.0, 9.1, 0.0, 0.0, 0.0, 0.0, 60.0, 0.0, 60.0, 10.0, 0.0, 0.0, 0.0, 9.1, 90.0, 100.0, 0.0, 0.0, 0.0, 30.0, 20.0, 0.0, 0.0, 0.0, 9.1, 18.2, 0.0, 10.0, 0.0, 0.0, 0.0, 9.1, 0.0, 9.1, 10.0, 0.0, 9.1, 0.0, 40.0]",cuda,4,117.4892578125,12171.125,2763.2919921875,158.0,32768.0,20596.875,33.0,183.75,67.0,100.0,0.01,fp32,40,training,15.5,18201.2578125,1769197701.8703532,4030.496244430542
2.4533017871646643,16,2.4403687842574042,4,48,24,2721.83203125,24074.47265625,7.9,"[100.0, 0.0, 0.0, 100.0, 0.0, 0.0, 0.0, 0.0, 0.0, 0.0, 0.0, 0.0, 0.0, 0.0, 0.0, 9.1, 22.2, 0.0, 0.0, 0.0, 0.0, 0.0, 0.0, 100.0, 100.0, 18.2, 0.0, 9.1, 0.0, 0.0, 0.0, 0.0, 0.0, 54.5, 0.0, 0.0, 0.0, 0.0, 0.0, 0.0, 0.0, 0.0, 0.0, 11.1, 0.0, 0.0, 0.0, 0.0]",cuda,4,117.48974609375,12171.125,2763.2919921875,158.0,32768.0,20596.875,28.0,240.587,67.0,98.0,0.0095,fp32,41,training,16.3,19293.73046875,1769202291.1728451,4078.263706445694
2.4527700666212486,16,2.4460633618370045,4,48,24,2757.203125,24109.96875,8.9,"[90.0, 9.1, 0.0, 0.0, 0.0, 9.1, 0.0, 0.0, 0.0, 0.0, 10.0, 0.0, 20.0, 0.0, 0.0, 0.0, 0.0, 0.0, 0.0, 0.0, 0.0, 0.0, 16.7, 100.0, 100.0, 10.0, 9.1, 0.0, 0.0, 0.0, 100.0, 9.1, 0.0, 0.0, 0.0, 0.0, 0.0, 0.0, 0.0, 0.0, 0.0, 100.0, 0.0, 0.0, 0.0, 0.0, 0.0, 0.0]",cuda,4,117.48974609375,18377.125,2763.2919921875,158.0,32768.0,14390.875,36.0,186.359,66.0,100.0,0.009000000000000001,fp32,42,training,15.8,18793.33984375,1769206861.8255475,4038.743501186371
2.443831641604168,16,2.435089099470718,4,48,24,2757.21875,24109.96875,9.8,"[100.0, 0.0, 0.0, 0.0, 0.0, 0.0, 0.0, 9.1, 0.0, 0.0, 0.0, 0.0, 0.0, 0.0, 0.0, 40.0, 0.0, 0.0, 0.0, 0.0, 0.0, 60.0, 0.0, 0.0, 100.0, 0.0, 0.0, 0.0, 0.0, 0.0, 0.0, 90.9, 0.0, 0.0, 0.0, 0.0, 0.0, 0.0, 0.0, 0.0, 0.0, 0.0, 0.0, 0.0, 0.0, 0.0, 0.0, 0.0]",cuda,4,117.48876953125,9095.125,2763.2919921875,158.0,32768.0,23672.875,33.0,199.958,66.0,99.0,0.0085,fp32,43,training,16.6,19537.59375,1769211382.077623,4002.6379375457764
2.4262289580612793,16,2.4180462184638367,4,48,24,2752.5625,24074.47265625,8.5,"[100.0, 100.0, 0.0, 9.1, 0.0, 0.0, 0.0, 0.0, 0.0, 0.0, 0.0, 0.0, 0.0, 0.0, 0.0, 0.0, 9.1, 0.0, 0.0, 9.1, 0.0, 0.0, 0.0, 100.0, 100.0, 0.0, 0.0, 9.1, 0.0, 0.0, 0.0, 0.0, 0.0, 0.0, 0.0, 0.0, 0.0, 0.0, 0.0, 0.0, 0.0, 0.0, 0.0, 10.0, 0.0, 0.0, 0.0, 0.0]",cuda,4,117.48779296875,9095.125,2763.2919921875,158.0,32768.0,23672.875,33.0,170.36,66.0,99.0,0.008,fp32,44,training,16.3,19165.08984375,1769215985.4607263,4051.702686548233
2.422719474372389,16,2.410856495530313,4,48,24,2832.85546875,24109.96875,12.3,"[100.0, 11.1, 0.0, 0.0, 0.0, 0.0, 0.0, 0.0, 0.0, 0.0, 0.0, 0.0, 0.0, 0.0, 0.0, 9.1, 0.0, 0.0, 0.0, 0.0, 0.0, 0.0, 0.0, 0.0, 100.0, 0.0, 0.0, 9.1, 0.0, 77.8, 0.0, 0.0, 0.0, 0.0, 0.0, 0.0, 0.0, 20.0, 0.0, 0.0, 0.0, 0.0, 0.0, 40.0, 0.0, 0.0, 0.0, 0.0]",cuda,4,117.48974609375,12213.125,2763.2919921875,158.0,32768.0,20554.875,37.0,176.726,65.0,99.0,0.0075,fp32,45,training,16.3,19301.62109375,1769220545.283283,4020.2046830654144
2.4201820168253794,16,2.4071501010688117,4,48,24,2863.1796875,24109.97265625,9.3,"[100.0, 70.0, 0.0, 0.0, 0.0, 0.0, 0.0, 0.0, 0.0, 0.0, 0.0, 0.0, 0.0, 0.0, 0.0, 100.0, 0.0, 0.0, 0.0, 0.0, 0.0, 9.1, 0.0, 0.0, 100.0, 0.0, 0.0, 11.1, 0.0, 0.0, 0.0, 0.0, 0.0, 0.0, 0.0, 9.1, 0.0, 88.9, 0.0, 30.0, 0.0, 0.0, 0.0, 0.0, 0.0, 0.0, 0.0, 0.0]",cuda,4,117.4921875,18387.125,2763.2919921875,158.0,32768.0,14380.875,34.0,242.224,65.0,99.0,0.006999999999999999,fp32,46,training,14.9,17482.86328125,1769225125.7453501,4039.13019323349
2.3989239216486045,16,2.3785810761722748,4,48,24,2867.828125,24109.97265625,11.5,"[100.0, 100.0, 9.1, 9.1, 0.0, 70.0, 0.0, 0.0, 9.1, 0.0, 0.0, 0.0, 9.1, 0.0, 10.0, 0.0, 0.0, 36.4, 0.0, 0.0, 0.0, 11.1, 0.0, 10.0, 100.0, 0.0, 9.1, 18.2, 30.0, 0.0, 0.0, 0.0, 9.1, 0.0, 0.0, 100.0, 0.0, 18.2, 0.0, 0.0, 0.0, 0.0, 0.0, 0.0, 0.0, 0.0, 0.0, 10.0]",cuda,4,117.49072265625,9095.125,2763.2919921875,158.0,32768.0,23672.875,33.0,189.568,66.0,100.0,0.006500000000000001,fp32,47,training,15.6,18345.21484375,1769229684.869574,4015.870180606842
2.3925582205423455,16,2.3790368771256603,4,48,24,2841.7890625,24075.47265625,13.5,"[100.0, 0.0, 0.0, 72.7, 0.0, 10.0, 70.0, 0.0, 0.0, 0.0, 0.0, 0.0, 0.0, 0.0, 0.0, 0.0, 0.0, 0.0, 0.0, 30.0, 0.0, 0.0, 0.0, 72.7, 100.0, 0.0, 0.0, 0.0, 0.0, 0.0, 0.0, 0.0, 0.0, 0.0, 0.0, 0.0, 0.0, 0.0, 0.0, 10.0, 0.0, 100.0, 0.0, 11.1, 0.0, 10.0, 0.0, 0.0]",cuda,4,117.48779296875,12213.125,2763.2919921875,158.0,32768.0,20554.875,39.0,126.376,66.0,99.0,0.006,fp32,48,training,15.7,18423.5,1769234251.377041,4008.3337783813477
2.384372189032248,16,2.37840784972345,4,48,24,2825.22265625,24053.24609375,11.7,"[100.0, 54.5, 0.0, 40.0, 40.0, 0.0, 30.0, 0.0, 0.0, 0.0, 0.0, 0.0, 9.1, 0.0, 0.0, 9.1, 0.0, 100.0, 0.0, 100.0, 0.0, 0.0, 0.0, 0.0, 100.0, 0.0, 0.0, 0.0, 40.0, 0.0, 20.0, 0.0, 0.0, 0.0, 0.0, 0.0, 0.0, 30.0, 0.0, 0.0, 0.0, 0.0, 0.0, 0.0, 0.0, 0.0, 0.0, 0.0]",cuda,4,117.4892578125,9095.125,2763.2919921875,158.0,32768.0,23672.875,35.0,240.992,66.0,100.0,0.0055000000000000005,fp32,49,training,15.7,18429.95703125,1769238789.320549,3990.9185707569122
2.370046461295489,16,2.3668774700927058,4,48,24,2829.796875,24058.0859375,13.5,"[100.0, 100.0, 0.0, 0.0, 0.0, 0.0, 0.0, 0.0, 0.0, 0.0, 0.0, 22.2, 0.0, 0.0, 0.0, 0.0, 0.0, 0.0, 0.0, 0.0, 0.0, 100.0, 0.0, 0.0, 100.0, 0.0, 0.0, 10.0, 0.0, 0.0, 100.0, 0.0, 0.0, 0.0, 0.0, 0.0, 0.0, 0.0, 0.0, 0.0, 0.0, 0.0, 0.0, 9.1, 0.0, 0.0, 0.0, 0.0]",cuda,4,117.4892578125,12213.125,2763.2919921875,158.0,32768.0,20554.875,43.0,184.266,66.0,99.0,0.005,fp32,50,training,15.4,18082.8671875,1769243395.2518559,4020.6405227184296
2.3687652014394427,16,2.362658172051818,4,48,24,2877.73828125,24109.125,9.4,"[100.0, 80.0, 0.0, 0.0, 0.0, 0.0, 0.0, 0.0, 0.0, 0.0, 0.0, 0.0, 0.0, 100.0, 0.0, 20.0, 0.0, 10.0, 0.0, 0.0, 0.0, 0.0, 0.0, 0.0, 100.0, 0.0, 0.0, 0.0, 0.0, 0.0, 0.0, 0.0, 0.0, 0.0, 0.0, 0.0, 0.0, 0.0, 0.0, 0.0, 0.0, 0.0, 0.0, 0.0, 0.0, 0.0, 0.0, 9.1]",cuda,4,117.48828125,18387.125,2763.2919921875,158.0,32768.0,14380.875,35.0,174.599,65.0,99.0,0.0045,fp32,51,training,15.4,18103.625,1769247983.295827,4027.283262014389
2.346269082483136,16,2.3395794219276196,4,48,24,2838.1328125,24067.203125,8.5,"[100.0, 45.5, 9.1, 0.0, 0.0, 9.1, 0.0, 10.0, 10.0, 0.0, 0.0, 0.0, 0.0, 0.0, 0.0, 0.0, 0.0, 10.0, 0.0, 0.0, 10.0, 0.0, 0.0, 54.5, 100.0, 50.0, 0.0, 0.0, 0.0, 18.2, 0.0, 0.0, 0.0, 0.0, 0.0, 0.0, 0.0, 0.0, 0.0, 10.0, 0.0, 0.0, 0.0, 10.0, 0.0, 0.0, 0.0, 0.0]",cuda,4,117.490234375,12199.125,2763.2919921875,158.0,32768.0,20568.875,38.0,228.11,66.0,99.0,0.004,fp32,52,training,16.5,19538.54296875,1769252644.8237457,4102.399921178818
2.335078183912257,16,2.326068877115131,4,48,24,2830.875,24061.33984375,7.3,"[100.0, 0.0, 0.0, 0.0, 30.0, 0.0, 0.0, 100.0, 0.0, 0.0, 9.1, 0.0, 9.1, 10.0, 0.0, 18.2, 0.0, 0.0, 0.0, 0.0, 0.0, 0.0, 10.0, 0.0, 100.0, 10.0, 9.1, 0.0, 20.0, 0.0, 0.0, 0.0, 0.0, 0.0, 40.0, 0.0, 0.0, 10.0, 0.0, 10.0, 9.1, 0.0, 0.0, 18.2, 0.0, 9.1, 0.0, 0.0]",cuda,4,117.4892578125,12199.125,2763.2919921875,158.0,32768.0,20568.875,32.0,245.166,66.0,99.0,0.0034999999999999996,fp32,53,training,16.7,19766.6484375,1769257291.830597,4070.142655849457
2.3203366121168036,16,2.3095925457735893,4,48,24,2825.05078125,24053.24609375,19.5,"[100.0, 28.6, 0.0, 0.0, 0.0, 0.0, 100.0, 40.0, 0.0, 0.0, 66.7, 0.0, 0.0, 50.0, 0.0, 0.0, 0.0, 0.0, 0.0, 100.0, 0.0, 30.0, 0.0, 60.0, 100.0, 9.1, 0.0, 100.0, 0.0, 0.0, 0.0, 0.0, 100.0, 0.0, 0.0, 20.0, 0.0, 0.0, 0.0, 0.0, 0.0, 0.0, 0.0, 0.0, 0.0, 10.0, 0.0, 0.0]",cuda,4,117.48828125,15317.125,2763.2919921875,158.0,32768.0,17450.875,37.0,195.269,66.0,98.0,0.0030000000000000005,fp32,54,training,18.4,21909.9375,1769262031.2099283,4163.047301769257
2.3138151691290245,16,2.3047685242038,4,48,24,2880.25,24109.46484375,9.8,"[100.0, 0.0, 0.0, 0.0, 40.0, 10.0, 10.0, 0.0, 0.0, 0.0, 0.0, 0.0, 0.0, 0.0, 0.0, 10.0, 10.0, 0.0, 0.0, 0.0, 10.0, 10.0, 0.0, 0.0, 100.0, 9.1, 0.0, 0.0, 0.0, 0.0, 0.0, 9.1, 0.0, 90.0, 0.0, 0.0, 0.0, 0.0, 0.0, 0.0, 0.0, 0.0, 0.0, 0.0, 0.0, 0.0, 0.0, 0.0]",cuda,4,117.490234375,15255.125,2763.2919921875,158.0,32768.0,17512.875,34.0,176.509,65.0,100.0,0.0025,fp32,55,training,16.7,19765.6796875,1769266665.9062994,4059.8538908958435
2.2936192589479485,16,2.2910985578228695,4,48,24,2819.6875,24055.68359375,10.9,"[100.0, 72.7, 0.0, 0.0, 22.2, 0.0, 0.0, 100.0, 0.0, 0.0, 0.0, 0.0, 0.0, 0.0, 0.0, 0.0, 0.0, 0.0, 0.0, 9.1, 0.0, 30.0, 0.0, 0.0, 100.0, 0.0, 0.0, 9.1, 0.0, 0.0, 9.1, 0.0, 0.0, 0.0, 0.0, 0.0, 9.1, 9.1, 0.0, 60.0, 0.0, 0.0, 0.0, 9.1, 0.0, 0.0, 9.1, 9.1]",cuda,4,117.48876953125,15317.125,2763.2919921875,158.0,32768.0,17450.875,32.0,202.423,65.0,100.0,0.0019999999999999996,fp32,56,training,16.4,19431.58984375,1769271417.9196408,4162.525702953339
2.2655242362835484,16,2.254911043292464,4,48,24,2801.9296875,24060.4375,9.1,"[70.0, 80.0, 0.0, 0.0, 22.2, 0.0, 0.0, 0.0, 0.0, 0.0, 0.0, 0.0, 0.0, 0.0, 0.0, 0.0, 0.0, 45.5, 0.0, 0.0, 0.0, 100.0, 0.0, 0.0, 100.0, 0.0, 0.0, 0.0, 0.0, 27.3, 0.0, 22.2, 0.0, 0.0, 0.0, 0.0, 0.0, 0.0, 0.0, 0.0, 0.0, 0.0, 0.0, 0.0, 0.0, 0.0, 0.0, 0.0]",cuda,4,117.4892578125,18435.125,2763.2919921875,158.0,32768.0,14332.875,37.0,217.764,65.0,100.0,0.0015000000000000002,fp32,57,training,16.7,19855.53125,1769276198.210541,4193.416108846664
2.2500696396372457,16,2.2438040346066015,4,48,24,2797.8515625,24053.24609375,11.0,"[100.0, 20.0, 0.0, 9.1, 0.0, 9.1, 27.3, 0.0, 0.0, 0.0, 9.1, 0.0, 0.0, 0.0, 0.0, 0.0, 0.0, 9.1, 0.0, 0.0, 9.1, 0.0, 0.0, 100.0, 100.0, 0.0, 0.0, 100.0, 22.2, 0.0, 10.0, 0.0, 0.0, 0.0, 0.0, 9.1, 9.1, 0.0, 0.0, 0.0, 0.0, 10.0, 10.0, 0.0, 0.0, 9.1, 9.1, 0.0]",cuda,4,117.4892578125,15317.125,2763.2919921875,158.0,32768.0,17450.875,35.0,192.446,65.0,100.0,0.0009999999999999998,fp32,58,training,16.9,20009.67578125,1769280881.9159012,4092.0083215236664
2.233391923866306,16,2.231183799291377,4,48,24,2804.8046875,24060.125,12.2,"[100.0, 70.0, 0.0, 0.0, 0.0, 0.0, 0.0, 0.0, 0.0, 30.0, 0.0, 9.1, 0.0, 0.0, 0.0, 0.0, 0.0, 0.0, 0.0, 100.0, 0.0, 0.0, 0.0, 0.0, 100.0, 0.0, 0.0, 10.0, 0.0, 50.0, 0.0, 0.0, 0.0, 0.0, 0.0, 0.0, 0.0, 0.0, 0.0, 0.0, 0.0, 100.0, 0.0, 0.0, 0.0, 22.2, 0.0, 0.0]",cuda,4,117.48876953125,12199.125,2763.2919921875,158.0,32768.0,20568.875,34.0,173.842,65.0,99.0,0.0005000000000000004,fp32,59,training,16.4,19368.20703125,1769285597.4897976,4115.258023023605
2.2466757009020917,16,2.2396673417218413,4,48,24,2854.65625,24108.86328125,8.7,"[100.0, 0.0, 0.0, 0.0, 0.0, 0.0, 0.0, 0.0, 9.1, 0.0, 0.0, 0.0, 10.0, 0.0, 0.0, 10.0, 10.0, 11.1, 0.0, 80.0, 0.0, 0.0, 0.0, 0.0, 100.0, 20.0, 0.0, 0.0, 10.0, 0.0, 0.0, 0.0, 0.0, 0.0, 0.0, 0.0, 0.0, 10.0, 0.0, 0.0, 18.2, 0.0, 0.0, 0.0, 0.0, 10.0, 0.0, 100.0]",cuda,4,117.4873046875,12199.125,2763.2919921875,158.0,32768.0,20568.875,32.0,241.75,66.0,100.0,0.001,fp32,60,training,16.5,19508.49609375,1769290241.8490644,4049.5332300662994
